JointMotion, 2980,1500,-380,180,0.0,0.0,0,3,0
LinearMotion, 2980,1450,-380,180,0.0,0.0,0,168.654,100 
LinearMotion, 2980,1400,-380,180,0.0,0.0,0,172.94,100 
LinearMotion, 2980,1350,-380,180,0.0,0.0,0,179.017,100 
LinearMotion, 2980,1300,-380,180,0.0,0.0,0,179.35,100 
LinearMotion, 2980,1250,-380,180,0.0,0.0,0,166.071,100 
LinearMotion, 2980,1200,-380,180,0.0,0.0,0,144.518,100 
LinearMotion, 2980,1150,-380,180,0.0,0.0,0,126.554,100 
LinearMotion, 2980,1100,-380,180,0.0,0.0,0,125.863,100 
LinearMotion, 2980,1100,-330,180,0.0,0.0,0,118.318,100 
LinearMotion, 2980,1150,-330,180,0.0,0.0,0,113.442,100 
LinearMotion, 2980,1200,-330,180,0.0,0.0,0,132.381,100 
LinearMotion, 2980,1250,-330,180,0.0,0.0,0,158.222,100 
LinearMotion, 2980,1300,-330,180,0.0,0.0,0,177.588,100 
LinearMotion, 2980,1350,-330,180,0.0,0.0,0,182.165,100 
LinearMotion, 2980,1400,-330,180,0.0,0.0,0,177.775,100 
LinearMotion, 2980,1450,-330,180,0.0,0.0,0,172.726,100 
LinearMotion, 2980,1500,-330,180,0.0,0.0,0,175.071,100 
LinearMotion, 2980,1500,-280,180,0.0,0.0,0,176.842,100 
LinearMotion, 2980,1450,-280,180,0.0,0.0,0,177.302,100 
LinearMotion, 2980,1400,-280,180,0.0,0.0,0,182.274,100 
LinearMotion, 2980,1350,-280,180,0.0,0.0,0,184.056,100 
LinearMotion, 2980,1300,-280,180,0.0,0.0,0,173.397,100 
LinearMotion, 2980,1250,-280,180,0.0,0.0,0,147.729,100 
LinearMotion, 2980,1200,-280,180,0.0,0.0,0,118.287,100 
LinearMotion, 2980,1150,-280,180,0.0,0.0,0,100.097,100 
LinearMotion, 2980,1100,-280,180,0.0,0.0,0,112.244,100 
LinearMotion, 2980,1100,-230,180,0.0,0.0,0,107.635,100 
LinearMotion, 2980,1150,-230,180,0.0,0.0,0,87.4549,100 
LinearMotion, 2980,1200,-230,180,0.0,0.0,0,102.447,100 
LinearMotion, 2980,1250,-230,180,0.0,0.0,0,134.703,100 
LinearMotion, 2980,1300,-230,180,0.0,0.0,0,166.59,100 
LinearMotion, 2980,1350,-230,180,0.0,0.0,0,184.237,100 
LinearMotion, 2980,1400,-230,180,0.0,0.0,0,186.108,100 
LinearMotion, 2980,1450,-230,180,0.0,0.0,0,182.026,100 
LinearMotion, 2980,1500,-230,180,0.0,0.0,0,179.8,100 
LinearMotion, 2980,1500,-180,180,0.0,0.0,0,183.54,100 
LinearMotion, 2980,1450,-180,180,0.0,0.0,0,186.621,100 
LinearMotion, 2980,1400,-180,180,0.0,0.0,0,188.99,100 
LinearMotion, 2980,1350,-180,180,0.0,0.0,0,182.211,100 
LinearMotion, 2980,1300,-180,180,0.0,0.0,0,156.917,100 
LinearMotion, 2980,1250,-180,180,0.0,0.0,0,119.157,100 
LinearMotion, 2980,1200,-180,180,0.0,0.0,0,85.4257,100 
LinearMotion, 2980,1150,-180,180,0.0,0.0,0,76.5136,100 
LinearMotion, 2980,1100,-180,180,0.0,0.0,0,104.527,100 
LinearMotion, 2980,1100,-130,180,0.0,0.0,0,102.704,100 
LinearMotion, 2980,1150,-130,180,0.0,0.0,0,67.6527,100 
LinearMotion, 2980,1200,-130,180,0.0,0.0,0,67.8937,100 
LinearMotion, 2980,1250,-130,180,0.0,0.0,0,101.255,100 
LinearMotion, 2980,1300,-130,180,0.0,0.0,0,144.216,100 
LinearMotion, 2980,1350,-130,180,0.0,0.0,0,177.394,100 
LinearMotion, 2980,1400,-130,180,0.0,0.0,0,190.58,100 
LinearMotion, 2980,1450,-130,180,0.0,0.0,0,190.801,100 
LinearMotion, 2980,1500,-130,180,0.0,0.0,0,187.74,100 
LinearMotion, 2980,1500,-80,180,0.0,0.0,0,192.082,100 
LinearMotion, 2980,1450,-80,180,0.0,0.0,0,194.28,100 
LinearMotion, 2980,1400,-80,180,0.0,0.0,0,190.453,100 
LinearMotion, 2980,1350,-80,180,0.0,0.0,0,169.661,100 
LinearMotion, 2980,1300,-80,180,0.0,0.0,0,128.411,100 
LinearMotion, 2980,1250,-80,180,0.0,0.0,0,81.2429,100 
LinearMotion, 2980,1200,-80,180,0.0,0.0,0,51.3581,100 
LinearMotion, 2980,1150,-80,180,0.0,0.0,0,60.5787,100 
LinearMotion, 2980,1100,-80,180,0.0,0.0,0,101.834,100 
LinearMotion, 2980,1100,-30,180,0.0,0.0,0,101.711,100 
LinearMotion, 2980,1150,-30,180,0.0,0.0,0,55.2259,100 
LinearMotion, 2980,1200,-30,180,0.0,0.0,0,36.8538,100 
LinearMotion, 2980,1250,-30,180,0.0,0.0,0,59.9051,100 
LinearMotion, 2980,1300,-30,180,0.0,0.0,0,109.54,100 
LinearMotion, 2980,1350,-30,180,0.0,0.0,0,158.638,100 
LinearMotion, 2980,1400,-30,180,0.0,0.0,0,188.22,100 
LinearMotion, 2980,1450,-30,180,0.0,0.0,0,196.801,100 
LinearMotion, 2980,1500,-30,180,0.0,0.0,0,196.262,100 
LinearMotion, 2980,1500,20,180,0.0,0.0,0,200,100 
LinearMotion, 2980,1450,20,180,0.0,0.0,0,198.043,100 
LinearMotion, 2980,1400,20,180,0.0,0.0,0,183.263,100 
LinearMotion, 2980,1350,20,180,0.0,0.0,0,144.166,100 
LinearMotion, 2980,1300,20,180,0.0,0.0,0,87.8362,100 
LinearMotion, 2980,1250,20,180,0.0,0.0,0,38.1971,100 
LinearMotion, 2980,1200,20,180,0.0,0.0,0,25,100 
LinearMotion, 2980,1150,20,180,0.0,0.0,0,51.343,100 
LinearMotion, 2980,1100,20,180,0.0,0.0,0,102.129,100 
LinearMotion, 2975,1100,-30,180,0.0,0.0,0,100.615,100 
LinearMotion, 2975,1100,-80,180,0.0,0.0,0,100.751,100 
LinearMotion, 2975,1100,-130,180,0.0,0.0,0,101.71,100 
LinearMotion, 2975,1100,-180,180,0.0,0.0,0,103.718,100 
LinearMotion, 2975,1100,-230,180,0.0,0.0,0,107.141,100 
LinearMotion, 2975,1100,-280,180,0.0,0.0,0,112.218,100 
LinearMotion, 2975,1100,-330,180,0.0,0.0,0,118.909,100 
LinearMotion, 2980,1100,-380,180,0.0,0.0,0,118.334,100 
LinearMotion, 2980,1150,-380,180,0.0,0.0,0,119.095,100 
LinearMotion, 2980,1150,-330,180,0.0,0.0,0,104.652,100 
LinearMotion, 2975,1150,-280,180,0.0,0.0,0,98.8379,100 
LinearMotion, 2980,1150,-230,180,0.0,0.0,0,76.0255,100 
LinearMotion, 2975,1150,-180,180,0.0,0.0,0,72.8591,100 
LinearMotion, 2970,1150,-130,180,0.0,0.0,0,71.9842,100 
LinearMotion, 2970,1150,-80,180,0.0,0.0,0,64.1919,100 
LinearMotion, 2975,1150,-30,180,0.0,0.0,0,49.4095,100 
LinearMotion, 2970,1150,20,180,0.0,0.0,0,54.0182,100 
LinearMotion, 2970,1200,20,180,0.0,0.0,0,25,100 
LinearMotion, 2965,1200,-30,180,0.0,0.0,0,46.9436,100 
LinearMotion, 2970,1200,-80,180,0.0,0.0,0,54.0349,100 
LinearMotion, 2970,1200,-130,180,0.0,0.0,0,72.2497,100 
LinearMotion, 2975,1200,-180,180,0.0,0.0,0,82.6762,100 
LinearMotion, 2980,1200,-230,180,0.0,0.0,0,92.54,100 
LinearMotion, 2975,1200,-280,180,0.0,0.0,0,118.875,100 
LinearMotion, 2980,1200,-330,180,0.0,0.0,0,125.514,100 
LinearMotion, 2980,1200,-380,180,0.0,0.0,0,138.884,100 
LinearMotion, 2980,1250,-380,180,0.0,0.0,0,162.625,100 
LinearMotion, 2980,1250,-330,180,0.0,0.0,0,153.979,100 
LinearMotion, 2975,1250,-280,180,0.0,0.0,0,151.306,100 
LinearMotion, 2975,1250,-230,180,0.0,0.0,0,136.958,100 
LinearMotion, 2980,1250,-180,180,0.0,0.0,0,110.947,100 
LinearMotion, 2980,1250,-130,180,0.0,0.0,0,91.2269,100 
LinearMotion, 2965,1250,-80,180,0.0,0.0,0,95.8405,100 
LinearMotion, 2970,1250,-30,180,0.0,0.0,0,63.4498,100 
LinearMotion, 2975,1250,20,180,0.0,0.0,0,30.6514,100 
LinearMotion, 2975,1300,20,180,0.0,0.0,0,85.3316,100 
LinearMotion, 2975,1300,-30,180,0.0,0.0,0,109.24,100 
LinearMotion, 2980,1300,-80,180,0.0,0.0,0,121.141,100 
LinearMotion, 2980,1300,-130,180,0.0,0.0,0,138.551,100 
LinearMotion, 2980,1300,-180,180,0.0,0.0,0,152.542,100 
LinearMotion, 2980,1300,-230,180,0.0,0.0,0,163.198,100 
LinearMotion, 2980,1300,-280,180,0.0,0.0,0,170.696,100 
LinearMotion, 2980,1300,-330,180,0.0,0.0,0,175.312,100 
LinearMotion, 2985,1300,-380,180,0.0,0.0,0,168.367,100 
LinearMotion, 2980,1350,-380,180,0.0,0.0,0,176.886,100 
LinearMotion, 2980,1350,-330,180,0.0,0.0,0,180.354,100 
LinearMotion, 2980,1350,-280,180,0.0,0.0,0,182.437,100 
LinearMotion, 2980,1350,-230,180,0.0,0.0,0,182.637,100 
LinearMotion, 2980,1350,-180,180,0.0,0.0,0,180.405,100 
LinearMotion, 2980,1350,-130,180,0.0,0.0,0,175.098,100 
LinearMotion, 2980,1350,-80,180,0.0,0.0,0,166.58,100 
LinearMotion, 2980,1350,-30,180,0.0,0.0,0,154.437,100 
LinearMotion, 2980,1350,20,180,0.0,0.0,0,138.496,100 
LinearMotion, 2985,1400,20,180,0.0,0.0,0,172.678,100 
LinearMotion, 2980,1400,-30,180,0.0,0.0,0,187.024,100 
LinearMotion, 2985,1400,-80,180,0.0,0.0,0,180.598,100 
LinearMotion, 2980,1400,-130,180,0.0,0.0,0,189.623,100 
LinearMotion, 2980,1400,-180,180,0.0,0.0,0,187.872,100 
LinearMotion, 2980,1400,-230,180,0.0,0.0,0,184.697,100 
LinearMotion, 2980,1400,-280,180,0.0,0.0,0,180.473,100 
LinearMotion, 2980,1400,-330,180,0.0,0.0,0,175.518,100 
LinearMotion, 2980,1400,-380,180,0.0,0.0,0,170.191,100 
LinearMotion, 2980,1450,-380,180,0.0,0.0,0,165.471,100 
LinearMotion, 2980,1450,-330,180,0.0,0.0,0,169.956,100 
LinearMotion, 2980,1450,-280,180,0.0,0.0,0,174.997,100 
LinearMotion, 2975,1450,-230,180,0.0,0.0,0,189.087,100 
LinearMotion, 2975,1450,-180,180,0.0,0.0,0,194.149,100 
LinearMotion, 2980,1450,-130,180,0.0,0.0,0,189.867,100 
LinearMotion, 2980,1450,-80,180,0.0,0.0,0,193.699,100 
LinearMotion, 2980,1450,-30,180,0.0,0.0,0,196.476,100 
LinearMotion, 2985,1450,20,180,0.0,0.0,0,188.958,100 
LinearMotion, 2980,1500,20,180,0.0,0.0,0,200,100 
LinearMotion, 2985,1500,-30,180,0.0,0.0,0,186.996,100 
LinearMotion, 2980,1500,-80,180,0.0,0.0,0,191.278,100 
LinearMotion, 2980,1500,-130,180,0.0,0.0,0,186.495,100 
LinearMotion, 2980,1500,-180,180,0.0,0.0,0,181.868,100 
LinearMotion, 2985,1500,-230,180,0.0,0.0,0,168.863,100 
LinearMotion, 2980,1500,-280,180,0.0,0.0,0,174.49,100 
LinearMotion, 2980,1500,-330,180,0.0,0.0,0,172.54,100 
LinearMotion, 2980,1500,-380,180,0.0,0.0,0,172.371,100 
LinearMotion, 2975,1450,-380,180,0.0,0.0,0,164.699,100 
LinearMotion, 2980,1400,-380,180,0.0,0.0,0,159.957,100 
LinearMotion, 2980,1350,-380,180,0.0,0.0,0,167.579,100 
LinearMotion, 2975,1300,-380,180,0.0,0.0,0,178.113,100 
LinearMotion, 2975,1250,-380,180,0.0,0.0,0,161.459,100 
LinearMotion, 2975,1200,-380,180,0.0,0.0,0,134.428,100 
LinearMotion, 2970,1150,-380,180,0.0,0.0,0,122.016,100 
LinearMotion, 2975,1100,-380,180,0.0,0.0,0,111.031,100 
LinearMotion, 2970,1100,-330,180,0.0,0.0,0,111.687,100 
LinearMotion, 2965,1150,-330,180,0.0,0.0,0,115.688,100 
LinearMotion, 2970,1200,-330,180,0.0,0.0,0,129.324,100 
LinearMotion, 2975,1250,-330,180,0.0,0.0,0,151.615,100 
LinearMotion, 2975,1300,-330,180,0.0,0.0,0,175.904,100 
LinearMotion, 2975,1350,-330,180,0.0,0.0,0,181.644,100 
LinearMotion, 2975,1400,-330,180,0.0,0.0,0,176.139,100 
LinearMotion, 2975,1450,-330,180,0.0,0.0,0,169.806,100 
LinearMotion, 2975,1500,-330,180,0.0,0.0,0,172.748,100 
LinearMotion, 2980,1500,-280,180,0.0,0.0,0,164.851,100 
LinearMotion, 2975,1450,-280,180,0.0,0.0,0,175.546,100 
LinearMotion, 2975,1400,-280,180,0.0,0.0,0,181.78,100 
LinearMotion, 2970,1350,-280,180,0.0,0.0,0,194.133,100 
LinearMotion, 2970,1300,-280,180,0.0,0.0,0,180.765,100 
LinearMotion, 2975,1250,-280,180,0.0,0.0,0,138.455,100 
LinearMotion, 2970,1200,-280,180,0.0,0.0,0,111.647,100 
LinearMotion, 2965,1150,-280,180,0.0,0.0,0,98.9512,100 
LinearMotion, 2970,1100,-280,180,0.0,0.0,0,104.067,100 
LinearMotion, 2975,1100,-230,180,0.0,0.0,0,88.1702,100 
LinearMotion, 2970,1150,-230,180,0.0,0.0,0,72.9781,100 
LinearMotion, 2960,1200,-230,180,0.0,0.0,0,112.015,100 
LinearMotion, 2970,1250,-230,180,0.0,0.0,0,132.236,100 
LinearMotion, 2975,1300,-230,180,0.0,0.0,0,162.111,100 
LinearMotion, 2975,1350,-230,180,0.0,0.0,0,184.243,100 
LinearMotion, 2975,1400,-230,180,0.0,0.0,0,186.589,100 
LinearMotion, 2975,1450,-230,180,0.0,0.0,0,181.47,100 
LinearMotion, 2980,1500,-230,180,0.0,0.0,0,168.561,100 
LinearMotion, 2980,1500,-180,180,0.0,0.0,0,173.251,100 
LinearMotion, 2975,1450,-180,180,0.0,0.0,0,187.233,100 
LinearMotion, 2975,1400,-180,180,0.0,0.0,0,190.204,100 
LinearMotion, 2975,1350,-180,180,0.0,0.0,0,181.703,100 
LinearMotion, 2975,1300,-180,180,0.0,0.0,0,149.979,100 
LinearMotion, 2965,1250,-180,180,0.0,0.0,0,122.856,100 
LinearMotion, 2960,1200,-180,180,0.0,0.0,0,90.6674,100 
LinearMotion, 2965,1150,-180,180,0.0,0.0,0,69.373,100 
LinearMotion, 2975,1100,-180,180,0.0,0.0,0,84.2728,100 
LinearMotion, 2965,1100,-130,180,0.0,0.0,0,102.221,100 
LinearMotion, 2965,1150,-130,180,0.0,0.0,0,58.2597,100 
LinearMotion, 2960,1200,-130,180,0.0,0.0,0,68.6791,100 
LinearMotion, 2965,1250,-130,180,0.0,0.0,0,100.403,100 
LinearMotion, 2970,1300,-130,180,0.0,0.0,0,144.166,100 
LinearMotion, 2975,1350,-130,180,0.0,0.0,0,175.66,100 
LinearMotion, 2975,1400,-130,180,0.0,0.0,0,192.198,100 
LinearMotion, 2975,1450,-130,180,0.0,0.0,0,192.476,100 
LinearMotion, 2975,1500,-130,180,0.0,0.0,0,188.637,100 
LinearMotion, 2980,1500,-80,180,0.0,0.0,0,183.965,100 
LinearMotion, 2975,1450,-80,180,0.0,0.0,0,196.838,100 
LinearMotion, 2980,1400,-80,180,0.0,0.0,0,181.922,100 
LinearMotion, 2970,1350,-80,180,0.0,0.0,0,176.08,100 
LinearMotion, 2970,1300,-80,180,0.0,0.0,0,124.345,100 
LinearMotion, 2955,1250,-80,180,0.0,0.0,0,95.5385,100 
LinearMotion, 2955,1200,-80,180,0.0,0.0,0,58.0577,100 
LinearMotion, 2960,1150,-80,180,0.0,0.0,0,59.5049,100 
LinearMotion, 2965,1100,-80,180,0.0,0.0,0,101.129,100 
LinearMotion, 2965,1100,-30,180,0.0,0.0,0,100.975,100 
LinearMotion, 2955,1150,-30,180,0.0,0.0,0,62.9087,100 
LinearMotion, 2945,1200,-30,180,0.0,0.0,0,60.101,100 
LinearMotion, 2955,1250,-30,180,0.0,0.0,0,68.7771,100 
LinearMotion, 2965,1300,-30,180,0.0,0.0,0,110.794,100 
LinearMotion, 2975,1350,-30,180,0.0,0.0,0,152.137,100 
LinearMotion, 2975,1400,-30,180,0.0,0.0,0,189.238,100 
LinearMotion, 2975,1450,-30,180,0.0,0.0,0,200,100 
LinearMotion, 2980,1500,-30,180,0.0,0.0,0,189.207,100 
LinearMotion, 2980,1500,20,180,0.0,0.0,0,193.895,100 
LinearMotion, 2980,1450,20,180,0.0,0.0,0,191.44,100 
LinearMotion, 2980,1400,20,180,0.0,0.0,0,172.905,100 
LinearMotion, 2975,1350,20,180,0.0,0.0,0,133.987,100 
LinearMotion, 2970,1300,20,180,0.0,0.0,0,73.4564,100 
LinearMotion, 2960,1250,20,180,0.0,0.0,0,31.4344,100 
LinearMotion, 2955,1200,20,180,0.0,0.0,0,25,100 
LinearMotion, 2955,1150,20,180,0.0,0.0,0,58.0388,100 
LinearMotion, 2975,1100,20,180,0.0,0.0,0,81.2653,100 
LinearMotion, 2955,1100,-30,180,0.0,0.0,0,105.637,100 
LinearMotion, 2955,1100,-80,180,0.0,0.0,0,105.8,100 
LinearMotion, 2955,1100,-130,180,0.0,0.0,0,106.959,100 
LinearMotion, 2960,1100,-180,180,0.0,0.0,0,98.6476,100 
LinearMotion, 2955,1100,-230,180,0.0,0.0,0,113.522,100 
LinearMotion, 2960,1100,-280,180,0.0,0.0,0,108.919,100 
LinearMotion, 2965,1100,-330,180,0.0,0.0,0,106.268,100 
LinearMotion, 2965,1100,-380,180,0.0,0.0,0,116.31,100 
LinearMotion, 2965,1150,-380,180,0.0,0.0,0,117.23,100 
LinearMotion, 2960,1150,-330,180,0.0,0.0,0,110.515,100 
LinearMotion, 2960,1150,-280,180,0.0,0.0,0,92.7509,100 
LinearMotion, 2955,1150,-230,180,0.0,0.0,0,86.6599,100 
LinearMotion, 2950,1150,-180,180,0.0,0.0,0,82.8336,100 
LinearMotion, 2950,1150,-130,180,0.0,0.0,0,71.0384,100 
LinearMotion, 2945,1150,-80,180,0.0,0.0,0,72.36,100 
LinearMotion, 2945,1150,-30,180,0.0,0.0,0,65.2347,100 
LinearMotion, 2950,1150,20,180,0.0,0.0,0,49.3281,100 
LinearMotion, 2945,1200,20,180,0.0,0.0,0,25,100 
LinearMotion, 2935,1200,-30,180,0.0,0.0,0,62.2548,100 
LinearMotion, 2940,1200,-80,180,0.0,0.0,0,70.824,100 
LinearMotion, 2950,1200,-130,180,0.0,0.0,0,71.3592,100 
LinearMotion, 2955,1200,-180,180,0.0,0.0,0,83.9588,100 
LinearMotion, 2960,1200,-230,180,0.0,0.0,0,95.8784,100 
LinearMotion, 2960,1200,-280,180,0.0,0.0,0,116.964,100 
LinearMotion, 2965,1200,-330,180,0.0,0.0,0,124.987,100 
LinearMotion, 2970,1200,-380,180,0.0,0.0,0,130.405,100 
LinearMotion, 2975,1250,-380,180,0.0,0.0,0,148.357,100 
LinearMotion, 2970,1250,-330,180,0.0,0.0,0,148.646,100 
LinearMotion, 2965,1250,-280,180,0.0,0.0,0,145.417,100 
LinearMotion, 2965,1250,-230,180,0.0,0.0,0,128.078,100 
LinearMotion, 2960,1250,-180,180,0.0,0.0,0,118.122,100 
LinearMotion, 2955,1250,-130,180,0.0,0.0,0,105.029,100 
LinearMotion, 2950,1250,-80,180,0.0,0.0,0,89.1288,100 
LinearMotion, 2940,1250,-30,180,0.0,0.0,0,82.2012,100 
LinearMotion, 2945,1250,20,180,0.0,0.0,0,42.5672,100 
LinearMotion, 2955,1300,20,180,0.0,0.0,0,87.1676,100 
LinearMotion, 2950,1300,-30,180,0.0,0.0,0,126.796,100 
LinearMotion, 2960,1300,-80,180,0.0,0.0,0,130.44,100 
LinearMotion, 2965,1300,-130,180,0.0,0.0,0,140.74,100 
LinearMotion, 2970,1300,-180,180,0.0,0.0,0,146.91,100 
LinearMotion, 2965,1300,-230,180,0.0,0.0,0,170.524,100 
LinearMotion, 2970,1300,-280,180,0.0,0.0,0,168.847,100 
LinearMotion, 2970,1300,-330,180,0.0,0.0,0,174.425,100 
LinearMotion, 2970,1300,-380,180,0.0,0.0,0,176.77,100 
LinearMotion, 2970,1350,-380,180,0.0,0.0,0,176.328,100 
LinearMotion, 2970,1350,-330,180,0.0,0.0,0,180.518,100 
LinearMotion, 2970,1350,-280,180,0.0,0.0,0,183.036,100 
LinearMotion, 2970,1350,-230,180,0.0,0.0,0,183.277,100 
LinearMotion, 2970,1350,-180,180,0.0,0.0,0,180.58,100 
LinearMotion, 2975,1350,-130,180,0.0,0.0,0,163.429,100 
LinearMotion, 2965,1350,-80,180,0.0,0.0,0,174.612,100 
LinearMotion, 2965,1350,-30,180,0.0,0.0,0,159.938,100 
LinearMotion, 2970,1350,20,180,0.0,0.0,0,129.936,100 
LinearMotion, 2975,1400,20,180,0.0,0.0,0,171.242,100 
LinearMotion, 2970,1400,-30,180,0.0,0.0,0,188.578,100 
LinearMotion, 2970,1400,-80,180,0.0,0.0,0,191.551,100 
LinearMotion, 2975,1400,-130,180,0.0,0.0,0,180.981,100 
LinearMotion, 2970,1400,-180,180,0.0,0.0,0,189.603,100 
LinearMotion, 2970,1400,-230,180,0.0,0.0,0,185.766,100 
LinearMotion, 2970,1400,-280,180,0.0,0.0,0,180.663,100 
LinearMotion, 2970,1400,-330,180,0.0,0.0,0,174.675,100 
LinearMotion, 2970,1400,-380,180,0.0,0.0,0,168.238,100 
LinearMotion, 2975,1450,-380,180,0.0,0.0,0,151.795,100 
LinearMotion, 2965,1450,-330,180,0.0,0.0,0,178.691,100 
LinearMotion, 2970,1450,-280,180,0.0,0.0,0,174.045,100 
LinearMotion, 2970,1450,-230,180,0.0,0.0,0,180.333,100 
LinearMotion, 2970,1450,-180,180,0.0,0.0,0,186.45,100 
LinearMotion, 2970,1450,-130,180,0.0,0.0,0,192.014,100 
LinearMotion, 2970,1450,-80,180,0.0,0.0,0,196.644,100 
LinearMotion, 2970,1450,-30,180,0.0,0.0,0,200,100 
LinearMotion, 2975,1450,20,180,0.0,0.0,0,190.915,100 
LinearMotion, 2975,1500,20,180,0.0,0.0,0,193.521,100 
LinearMotion, 2980,1500,-30,180,0.0,0.0,0,177.807,100 
LinearMotion, 2975,1500,-80,180,0.0,0.0,0,182.981,100 
LinearMotion, 2970,1500,-130,180,0.0,0.0,0,187.939,100 
LinearMotion, 2975,1500,-180,180,0.0,0.0,0,171.61,100 
LinearMotion, 2975,1500,-230,180,0.0,0.0,0,166.632,100 
LinearMotion, 2975,1500,-280,180,0.0,0.0,0,162.694,100 
LinearMotion, 2970,1500,-330,180,0.0,0.0,0,171.075,100 
LinearMotion, 2980,1500,-380,180,0.0,0.0,0,149.396,100 
LinearMotion, 2970,1450,-380,180,0.0,0.0,0,144.786,100 
LinearMotion, 2965,1400,-380,180,0.0,0.0,0,163.487,100 
LinearMotion, 2975,1350,-380,180,0.0,0.0,0,148.263,100 
LinearMotion, 2965,1300,-380,180,0.0,0.0,0,173.192,100 
LinearMotion, 2970,1250,-380,180,0.0,0.0,0,140.875,100 
LinearMotion, 2970,1200,-380,180,0.0,0.0,0,108.245,100 
LinearMotion, 2960,1150,-380,180,0.0,0.0,0,105.474,100 
LinearMotion, 2965,1100,-380,180,0.0,0.0,0,92.214,100 
LinearMotion, 2950,1100,-330,180,0.0,0.0,0,117.431,100 
LinearMotion, 2950,1150,-330,180,0.0,0.0,0,110.048,100 
LinearMotion, 2955,1200,-330,180,0.0,0.0,0,126.508,100 
LinearMotion, 2965,1250,-330,180,0.0,0.0,0,141.205,100 
LinearMotion, 2960,1300,-330,180,0.0,0.0,0,182.738,100 
LinearMotion, 2965,1350,-330,180,0.0,0.0,0,177.454,100 
LinearMotion, 2965,1400,-330,180,0.0,0.0,0,170.808,100 
LinearMotion, 2960,1450,-330,180,0.0,0.0,0,175.376,100 
LinearMotion, 2970,1500,-330,180,0.0,0.0,0,154.502,100 
LinearMotion, 2970,1500,-280,180,0.0,0.0,0,157.182,100 
LinearMotion, 2965,1450,-280,180,0.0,0.0,0,170.092,100 
LinearMotion, 2965,1400,-280,180,0.0,0.0,0,177.619,100 
LinearMotion, 2965,1350,-280,180,0.0,0.0,0,180.318,100 
LinearMotion, 2960,1300,-280,180,0.0,0.0,0,176.393,100 
LinearMotion, 2960,1250,-280,180,0.0,0.0,0,137.531,100 
LinearMotion, 2950,1200,-280,180,0.0,0.0,0,117.383,100 
LinearMotion, 2945,1150,-280,180,0.0,0.0,0,102.057,100 
LinearMotion, 2955,1100,-280,180,0.0,0.0,0,96.0204,100 
LinearMotion, 2955,1100,-230,180,0.0,0.0,0,89.0429,100 
LinearMotion, 2950,1150,-230,180,0.0,0.0,0,70.7038,100 
LinearMotion, 2950,1200,-230,180,0.0,0.0,0,93.4014,100 
LinearMotion, 2955,1250,-230,180,0.0,0.0,0,130.024,100 
LinearMotion, 2960,1300,-230,180,0.0,0.0,0,166.088,100 
LinearMotion, 2965,1350,-230,180,0.0,0.0,0,180.592,100 
LinearMotion, 2970,1400,-230,180,0.0,0.0,0,171.21,100 
LinearMotion, 2965,1450,-230,180,0.0,0.0,0,177.244,100 
LinearMotion, 2975,1500,-230,180,0.0,0.0,0,149.448,100 
LinearMotion, 2975,1500,-180,180,0.0,0.0,0,155.11,100 
LinearMotion, 2965,1450,-180,180,0.0,0.0,0,184.201,100 
LinearMotion, 2960,1400,-180,180,0.0,0.0,0,200,100 
LinearMotion, 2960,1350,-180,180,0.0,0.0,0,189.737,100 
LinearMotion, 2965,1300,-180,180,0.0,0.0,0,139.23,100 
LinearMotion, 2955,1250,-180,180,0.0,0.0,0,106.488,100 
LinearMotion, 2945,1200,-180,180,0.0,0.0,0,79.8445,100 
LinearMotion, 2945,1150,-180,180,0.0,0.0,0,66.3519,100 
LinearMotion, 2950,1100,-180,180,0.0,0.0,0,96.551,100 
LinearMotion, 2950,1100,-130,180,0.0,0.0,0,93.7913,100 
LinearMotion, 2940,1150,-130,180,0.0,0.0,0,65.1494,100 
LinearMotion, 2935,1200,-130,180,0.0,0.0,0,77.7271,100 
LinearMotion, 2945,1250,-130,180,0.0,0.0,0,103.809,100 
LinearMotion, 2955,1300,-130,180,0.0,0.0,0,144.426,100 
LinearMotion, 2965,1350,-130,180,0.0,0.0,0,170.231,100 
LinearMotion, 2965,1400,-130,180,0.0,0.0,0,190.194,100 
LinearMotion, 2965,1450,-130,180,0.0,0.0,0,190.529,100 
LinearMotion, 2970,1500,-130,180,0.0,0.0,0,173.682,100 
LinearMotion, 2970,1500,-80,180,0.0,0.0,0,180.256,100 
LinearMotion, 2965,1450,-80,180,0.0,0.0,0,195.796,100 
LinearMotion, 2970,1400,-80,180,0.0,0.0,0,177.79,100 
LinearMotion, 2960,1350,-80,180,0.0,0.0,0,170.737,100 
LinearMotion, 2955,1300,-80,180,0.0,0.0,0,120.498,100 
LinearMotion, 2935,1250,-80,180,0.0,0.0,0,97.9375,100 
LinearMotion, 2930,1200,-80,180,0.0,0.0,0,64.9056,100 
LinearMotion, 2935,1150,-80,180,0.0,0.0,0,66.6525,100 
LinearMotion, 2950,1100,-80,180,0.0,0.0,0,92.4732,100 
LinearMotion, 2950,1100,-30,180,0.0,0.0,0,92.2872,100 
LinearMotion, 2930,1150,-30,180,0.0,0.0,0,70.7613,100 
LinearMotion, 2925,1200,-30,180,0.0,0.0,0,55.1592,100 
LinearMotion, 2930,1250,-30,180,0.0,0.0,0,77.8454,100 
LinearMotion, 2945,1300,-30,180,0.0,0.0,0,116.353,100 
LinearMotion, 2960,1350,-30,180,0.0,0.0,0,154.047,100 
LinearMotion, 2965,1400,-30,180,0.0,0.0,0,186.622,100 
LinearMotion, 2965,1450,-30,180,0.0,0.0,0,199.612,100 
LinearMotion, 2975,1500,-30,180,0.0,0.0,0,174.371,100 
LinearMotion, 2975,1500,20,180,0.0,0.0,0,180.03,100 
LinearMotion, 2975,1450,20,180,0.0,0.0,0,177.067,100 
LinearMotion, 2970,1400,20,180,0.0,0.0,0,166.904,100 
LinearMotion, 2965,1350,20,180,0.0,0.0,0,119.925,100 
LinearMotion, 2950,1300,20,180,0.0,0.0,0,71.2812,100 
LinearMotion, 2935,1250,20,180,0.0,0.0,0,32.7673,100 
LinearMotion, 2930,1200,20,180,0.0,0.0,0,25,100 
LinearMotion, 2930,1150,20,180,0.0,0.0,0,64.8827,100 
LinearMotion, 2965,1100,20,180,0.0,0.0,0,56.282,100 
LinearMotion, 2940,1100,-30,180,0.0,0.0,0,84.3476,100 
LinearMotion, 2940,1100,-80,180,0.0,0.0,0,84.5481,100 
LinearMotion, 2940,1100,-130,180,0.0,0.0,0,85.9683,100 
LinearMotion, 2945,1100,-180,180,0.0,0.0,0,75.7817,100 
LinearMotion, 2945,1100,-230,180,0.0,0.0,0,80.8516,100 
LinearMotion, 2945,1100,-280,180,0.0,0.0,0,88.3705,100 
LinearMotion, 2945,1100,-330,180,0.0,0.0,0,98.2814,100 
LinearMotion, 2955,1100,-380,180,0.0,0.0,0,84.2687,100 
LinearMotion, 2950,1150,-380,180,0.0,0.0,0,98.557,100 
LinearMotion, 2945,1150,-330,180,0.0,0.0,0,90.3264,100 
LinearMotion, 2940,1150,-280,180,0.0,0.0,0,81.7151,100 
LinearMotion, 2930,1150,-230,180,0.0,0.0,0,87.4104,100 
LinearMotion, 2930,1150,-180,180,0.0,0.0,0,69.5604,100 
LinearMotion, 2920,1150,-130,180,0.0,0.0,0,81.4251,100 
LinearMotion, 2920,1150,-80,180,0.0,0.0,0,69.8843,100 
LinearMotion, 2915,1150,-30,180,0.0,0.0,0,74.312,100 
LinearMotion, 2925,1150,20,180,0.0,0.0,0,41.6563,100 
LinearMotion, 2915,1200,20,180,0.0,0.0,0,25,100 
LinearMotion, 2910,1200,-30,180,0.0,0.0,0,57.4993,100 
LinearMotion, 2915,1200,-80,180,0.0,0.0,0,68.0018,100 
LinearMotion, 2925,1200,-130,180,0.0,0.0,0,68.6578,100 
LinearMotion, 2930,1200,-180,180,0.0,0.0,0,84.0999,100 
LinearMotion, 2940,1200,-230,180,0.0,0.0,0,85.5482,100 
LinearMotion, 2945,1200,-280,180,0.0,0.0,0,98.2304,100 
LinearMotion, 2945,1200,-330,180,0.0,0.0,0,121.224,100 
LinearMotion, 2955,1200,-380,180,0.0,0.0,0,114.704,100 
LinearMotion, 2960,1250,-380,180,0.0,0.0,0,136.705,100 
LinearMotion, 2955,1250,-330,180,0.0,0.0,0,137.061,100 
LinearMotion, 2955,1250,-280,180,0.0,0.0,0,119.942,100 
LinearMotion, 2945,1250,-230,180,0.0,0.0,0,125.012,100 
LinearMotion, 2950,1250,-180,180,0.0,0.0,0,86.4894,100 
LinearMotion, 2940,1250,-130,180,0.0,0.0,0,83.6034,100 
LinearMotion, 2930,1250,-80,180,0.0,0.0,0,77.2758,100 
LinearMotion, 2915,1250,-30,180,0.0,0.0,0,81.9457,100 
LinearMotion, 2920,1250,20,180,0.0,0.0,0,33.37,100 
LinearMotion, 2940,1300,20,180,0.0,0.0,0,61.7117,100 
LinearMotion, 2940,1300,-30,180,0.0,0.0,0,97.1205,100 
LinearMotion, 2945,1300,-80,180,0.0,0.0,0,114.747,100 
LinearMotion, 2955,1300,-130,180,0.0,0.0,0,114.211,100 
LinearMotion, 2950,1300,-180,180,0.0,0.0,0,148.093,100 
LinearMotion, 2950,1300,-230,180,0.0,0.0,0,163.874,100 
LinearMotion, 2960,1300,-280,180,0.0,0.0,0,148.658,100 
LinearMotion, 2960,1300,-330,180,0.0,0.0,0,155.495,100 
LinearMotion, 2960,1300,-380,180,0.0,0.0,0,158.369,100 
LinearMotion, 2965,1350,-380,180,0.0,0.0,0,144.666,100 
LinearMotion, 2960,1350,-330,180,0.0,0.0,0,162.962,100 
LinearMotion, 2960,1350,-280,180,0.0,0.0,0,166.048,100 
LinearMotion, 2955,1350,-230,180,0.0,0.0,0,179.504,100 
LinearMotion, 2955,1350,-180,180,0.0,0.0,0,176.198,100 
LinearMotion, 2960,1350,-130,180,0.0,0.0,0,155.178,100 
LinearMotion, 2955,1350,-80,180,0.0,0.0,0,155.724,100 
LinearMotion, 2955,1350,-30,180,0.0,0.0,0,137.739,100 
LinearMotion, 2955,1350,20,180,0.0,0.0,0,114.129,100 
LinearMotion, 2965,1400,20,180,0.0,0.0,0,151.594,100 
LinearMotion, 2955,1400,-30,180,0.0,0.0,0,186.001,100 
LinearMotion, 2960,1400,-80,180,0.0,0.0,0,176.484,100 
LinearMotion, 2960,1400,-130,180,0.0,0.0,0,176.69,100 
LinearMotion, 2960,1400,-180,180,0.0,0.0,0,174.097,100 
LinearMotion, 2965,1400,-230,180,0.0,0.0,0,156.234,100 
LinearMotion, 2960,1400,-280,180,0.0,0.0,0,163.139,100 
LinearMotion, 2960,1400,-330,180,0.0,0.0,0,155.801,100 
LinearMotion, 2960,1400,-380,180,0.0,0.0,0,147.911,100 
LinearMotion, 2965,1450,-380,180,0.0,0.0,0,127.759,100 
LinearMotion, 2960,1450,-330,180,0.0,0.0,0,147.562,100 
LinearMotion, 2960,1450,-280,180,0.0,0.0,0,155.029,100 
LinearMotion, 2965,1450,-230,180,0.0,0.0,0,149.576,100 
LinearMotion, 2965,1450,-180,180,0.0,0.0,0,157.072,100 
LinearMotion, 2965,1450,-130,180,0.0,0.0,0,163.891,100 
LinearMotion, 2960,1450,-80,180,0.0,0.0,0,182.727,100 
LinearMotion, 2955,1450,-30,180,0.0,0.0,0,200,100 
LinearMotion, 2970,1450,20,180,0.0,0.0,0,162.545,100 
LinearMotion, 2975,1500,20,180,0.0,0.0,0,152.578,100 
LinearMotion, 2970,1500,-30,180,0.0,0.0,0,159.64,100 
LinearMotion, 2965,1500,-80,180,0.0,0.0,0,165.981,100 
LinearMotion, 2965,1500,-130,180,0.0,0.0,0,158.897,100 
LinearMotion, 2970,1500,-180,180,0.0,0.0,0,138.884,100 
LinearMotion, 2965,1500,-230,180,0.0,0.0,0,145.944,100 
LinearMotion, 2965,1500,-280,180,0.0,0.0,0,141.117,100 
LinearMotion, 2965,1500,-330,180,0.0,0.0,0,138.229,100 
LinearMotion, 2975,1500,-380,180,0.0,0.0,0,111.658,100 
LinearMotion, 2955,1450,-380,180,0.0,0.0,0,140.347,100 
LinearMotion, 2960,1400,-380,180,0.0,0.0,0,132.405,100 
LinearMotion, 2960,1350,-380,180,0.0,0.0,0,145.17,100 
LinearMotion, 2955,1300,-380,180,0.0,0.0,0,162.81,100 
LinearMotion, 2955,1250,-380,180,0.0,0.0,0,134.921,100 
LinearMotion, 2950,1200,-380,180,0.0,0.0,0,106.597,100 
LinearMotion, 2945,1150,-380,180,0.0,0.0,0,85.8102,100 
LinearMotion, 2955,1100,-380,180,0.0,0.0,0,50.4736,100 
LinearMotion, 2945,1100,-330,180,0.0,0.0,0,68.513,100 
LinearMotion, 2935,1150,-330,180,0.0,0.0,0,92.1567,100 
LinearMotion, 2935,1200,-330,180,0.0,0.0,0,131.933,100 
LinearMotion, 2950,1250,-330,180,0.0,0.0,0,135.378,100 
LinearMotion, 2950,1300,-330,180,0.0,0.0,0,176.053,100 
LinearMotion, 2955,1350,-330,180,0.0,0.0,0,168.723,100 
LinearMotion, 2950,1400,-330,180,0.0,0.0,0,176.446,100 
LinearMotion, 2955,1450,-330,180,0.0,0.0,0,148.898,100 
LinearMotion, 2960,1500,-330,180,0.0,0.0,0,136.882,100 
LinearMotion, 2960,1500,-280,180,0.0,0.0,0,140.6,100 
LinearMotion, 2955,1450,-280,180,0.0,0.0,0,158.511,100 
LinearMotion, 2955,1400,-280,180,0.0,0.0,0,168.951,100 
LinearMotion, 2955,1350,-280,180,0.0,0.0,0,172.696,100 
LinearMotion, 2950,1300,-280,180,0.0,0.0,0,167.251,100 
LinearMotion, 2945,1250,-280,180,0.0,0.0,0,130.282,100 
LinearMotion, 2930,1200,-280,180,0.0,0.0,0,119.274,100 
LinearMotion, 2930,1150,-280,180,0.0,0.0,0,81.0708,100 
LinearMotion, 2940,1100,-280,180,0.0,0.0,0,72.6963,100 
LinearMotion, 2935,1100,-230,180,0.0,0.0,0,79.9591,100 
LinearMotion, 2925,1150,-230,180,0.0,0.0,0,71.4605,100 
LinearMotion, 2930,1200,-230,180,0.0,0.0,0,86.0054,100 
LinearMotion, 2945,1250,-230,180,0.0,0.0,0,102.925,100 
LinearMotion, 2950,1300,-230,180,0.0,0.0,0,152.955,100 
LinearMotion, 2950,1350,-230,180,0.0,0.0,0,190.018,100 
LinearMotion, 2955,1400,-230,180,0.0,0.0,0,177.004,100 
LinearMotion, 2955,1450,-230,180,0.0,0.0,0,168.432,100 
LinearMotion, 2965,1500,-230,180,0.0,0.0,0,129.872,100 
LinearMotion, 2965,1500,-180,180,0.0,0.0,0,137.726,100 
LinearMotion, 2955,1450,-180,180,0.0,0.0,0,178.083,100 
LinearMotion, 2950,1400,-180,180,0.0,0.0,0,200,100 
LinearMotion, 2950,1350,-180,180,0.0,0.0,0,185.763,100 
LinearMotion, 2945,1300,-180,180,0.0,0.0,0,149.581,100 
LinearMotion, 2935,1250,-180,180,0.0,0.0,0,104.159,100 
LinearMotion, 2930,1200,-180,180,0.0,0.0,0,50.2563,100 
LinearMotion, 2920,1150,-180,180,0.0,0.0,0,65.4232,100 
LinearMotion, 2935,1100,-180,180,0.0,0.0,0,73.4324,100 
LinearMotion, 2925,1100,-130,180,0.0,0.0,0,103.489,100 
LinearMotion, 2920,1150,-130,180,0.0,0.0,0,46.8128,100 
LinearMotion, 2915,1200,-130,180,0.0,0.0,0,64.2612,100 
LinearMotion, 2920,1250,-130,180,0.0,0.0,0,117.386,100 
LinearMotion, 2940,1300,-130,180,0.0,0.0,0,139.847,100 
LinearMotion, 2950,1350,-130,180,0.0,0.0,0,175.645,100 
LinearMotion, 2955,1400,-130,180,0.0,0.0,0,186.396,100 
LinearMotion, 2955,1450,-130,180,0.0,0.0,0,186.862,100 
LinearMotion, 2965,1500,-130,180,0.0,0.0,0,146.548,100 
LinearMotion, 2965,1500,-80,180,0.0,0.0,0,155.668,100 
LinearMotion, 2955,1450,-80,180,0.0,0.0,0,194.167,100 
LinearMotion, 2960,1400,-80,180,0.0,0.0,0,169.188,100 
LinearMotion, 2945,1350,-80,180,0.0,0.0,0,176.347,100 
LinearMotion, 2935,1300,-80,180,0.0,0.0,0,123.595,100 
LinearMotion, 2910,1250,-80,180,0.0,0.0,0,109.24,100 
LinearMotion, 2910,1200,-80,180,0.0,0.0,0,46.4745,100 
LinearMotion, 2900,1150,-80,180,0.0,0.0,0,99.7248,100 
LinearMotion, 2920,1100,-80,180,0.0,0.0,0,118.602,100 
LinearMotion, 2930,1100,-30,180,0.0,0.0,0,84.4598,100 
LinearMotion, 2900,1150,-30,180,0.0,0.0,0,88.4826,100 
LinearMotion, 2895,1200,-30,180,0.0,0.0,0,66.8385,100 
LinearMotion, 2910,1250,-30,180,0.0,0.0,0,64.4254,100 
LinearMotion, 2925,1300,-30,180,0.0,0.0,0,117.845,100 
LinearMotion, 2950,1350,-30,180,0.0,0.0,0,136.252,100 
LinearMotion, 2950,1400,-30,180,0.0,0.0,0,198.383,100 
LinearMotion, 2955,1450,-30,180,0.0,0.0,0,199.462,100 
LinearMotion, 2965,1500,-30,180,0.0,0.0,0,164.446,100 
LinearMotion, 2970,1500,20,180,0.0,0.0,0,155.355,100 
LinearMotion, 2965,1450,20,180,0.0,0.0,0,168.186,100 
LinearMotion, 2965,1400,20,180,0.0,0.0,0,137.145,100 
LinearMotion, 2955,1350,20,180,0.0,0.0,0,88.9153,100 
LinearMotion, 2935,1300,20,180,0.0,0.0,0,38.3768,100 
LinearMotion, 2905,1250,20,180,0.0,0.0,0,35.7752,100 
LinearMotion, 2900,1200,20,180,0.0,0.0,0,25,100 
LinearMotion, 2905,1150,20,180,0.0,0.0,0,63.385,100 
LinearMotion, 2945,1100,20,180,0.0,0.0,0,34.5114,100 
LinearMotion, 2925,1100,-30,180,0.0,0.0,0,82.4318,100 
LinearMotion, 2915,1100,-80,180,0.0,0.0,0,121.69,100 
LinearMotion, 2920,1100,-130,180,0.0,0.0,0,104.312,100 
LinearMotion, 2920,1100,-180,180,0.0,0.0,0,108.714,100 
LinearMotion, 2925,1100,-230,180,0.0,0.0,0,96.7376,100 
LinearMotion, 2925,1100,-280,180,0.0,0.0,0,107.867,100 
LinearMotion, 2940,1100,-330,180,0.0,0.0,0,64.0958,100 
LinearMotion, 2945,1100,-380,180,0.0,0.0,0,62.8343,100 
LinearMotion, 2940,1150,-380,180,0.0,0.0,0,83.9845,100 
LinearMotion, 2925,1150,-330,180,0.0,0.0,0,110.763,100 
LinearMotion, 2925,1150,-280,180,0.0,0.0,0,78.5351,100 
LinearMotion, 2915,1150,-230,180,0.0,0.0,0,86.9656,100 
LinearMotion, 2910,1150,-180,180,0.0,0.0,0,80.0238,100 
LinearMotion, 2900,1150,-130,180,0.0,0.0,0,97.5864,100 
LinearMotion, 2900,1150,-80,180,0.0,0.0,0,80.5033,100 
LinearMotion, 2890,1150,-30,180,0.0,0.0,0,106.538,100 
LinearMotion, 2900,1150,20,180,0.0,0.0,0,58.1995,100 
LinearMotion, 2885,1200,20,180,0.0,0.0,0,53.0249,100 
LinearMotion, 2885,1200,-30,180,0.0,0.0,0,81.6511,100 
LinearMotion, 2890,1200,-80,180,0.0,0.0,0,97.1974,100 
LinearMotion, 2905,1200,-130,180,0.0,0.0,0,78.6877,100 
LinearMotion, 2910,1200,-180,180,0.0,0.0,0,101.546,100 
LinearMotion, 2915,1200,-230,180,0.0,0.0,0,123.17,100 
LinearMotion, 2920,1200,-280,180,0.0,0.0,0,141.943,100 
LinearMotion, 2930,1200,-330,180,0.0,0.0,0,137.018,100 
LinearMotion, 2945,1200,-380,180,0.0,0.0,0,107.885,100 
LinearMotion, 2955,1250,-380,180,0.0,0.0,0,120.973,100 
LinearMotion, 2945,1250,-330,180,0.0,0.0,0,140.979,100 
LinearMotion, 2940,1250,-280,180,0.0,0.0,0,135.12,100 
LinearMotion, 2925,1250,-230,180,0.0,0.0,0,162.106,100 
LinearMotion, 2930,1250,-180,180,0.0,0.0,0,105.083,100 
LinearMotion, 2910,1250,-130,180,0.0,0.0,0,139.772,100 
LinearMotion, 2900,1250,-80,180,0.0,0.0,0,130.406,100 
LinearMotion, 2895,1250,-30,180,0.0,0.0,0,98.3571,100 
LinearMotion, 2895,1250,20,180,0.0,0.0,0,45.9338,100 
LinearMotion, 2920,1300,20,180,0.0,0.0,0,68.4058,100 
LinearMotion, 2915,1300,-30,180,0.0,0.0,0,140.3,100 
LinearMotion, 2920,1300,-80,180,0.0,0.0,0,166.392,100 
LinearMotion, 2935,1300,-130,180,0.0,0.0,0,146.117,100 
LinearMotion, 2940,1300,-180,180,0.0,0.0,0,157.309,100 
LinearMotion, 2945,1300,-230,180,0.0,0.0,0,161.189,100 
LinearMotion, 2945,1300,-280,180,0.0,0.0,0,177.627,100 
LinearMotion, 2945,1300,-330,180,0.0,0.0,0,187.748,100 
LinearMotion, 2955,1300,-380,180,0.0,0.0,0,153.04,100 
LinearMotion, 2950,1350,-380,180,0.0,0.0,0,171.718,100 
LinearMotion, 2950,1350,-330,180,0.0,0.0,0,179.319,100 
LinearMotion, 2945,1350,-280,180,0.0,0.0,0,200,100 
LinearMotion, 2945,1350,-230,180,0.0,0.0,0,200,100 
LinearMotion, 2945,1350,-180,180,0.0,0.0,0,198.913,100 
LinearMotion, 2945,1350,-130,180,0.0,0.0,0,187.278,100 
LinearMotion, 2940,1350,-80,180,0.0,0.0,0,188.086,100 
LinearMotion, 2935,1350,-30,180,0.0,0.0,0,180.945,100 
LinearMotion, 2945,1350,20,180,0.0,0.0,0,107.036,100 
LinearMotion, 2955,1400,20,180,0.0,0.0,0,162.492,100 
LinearMotion, 2950,1400,-30,180,0.0,0.0,0,193.943,100 
LinearMotion, 2950,1400,-80,180,0.0,0.0,0,199.336,100 
LinearMotion, 2950,1400,-130,180,0.0,0.0,0,199.641,100 
LinearMotion, 2950,1400,-180,180,0.0,0.0,0,195.802,100 
LinearMotion, 2950,1400,-230,180,0.0,0.0,0,188.841,100 
LinearMotion, 2950,1400,-280,180,0.0,0.0,0,179.582,100 
LinearMotion, 2945,1400,-330,180,0.0,0.0,0,188.2,100 
LinearMotion, 2950,1400,-380,180,0.0,0.0,0,157.041,100 
LinearMotion, 2950,1450,-380,180,0.0,0.0,0,146.692,100 
LinearMotion, 2945,1450,-330,180,0.0,0.0,0,176.005,100 
LinearMotion, 2945,1450,-280,180,0.0,0.0,0,187.058,100 
LinearMotion, 2945,1450,-230,180,0.0,0.0,0,198.466,100 
LinearMotion, 2955,1450,-180,180,0.0,0.0,0,170.601,100 
LinearMotion, 2950,1450,-130,180,0.0,0.0,0,200,100 
LinearMotion, 2950,1450,-80,180,0.0,0.0,0,200,100 
LinearMotion, 2950,1450,-30,180,0.0,0.0,0,200,100 
LinearMotion, 2965,1450,20,180,0.0,0.0,0,159.221,100 
LinearMotion, 2970,1500,20,180,0.0,0.0,0,144.468,100 
LinearMotion, 2960,1500,-30,180,0.0,0.0,0,174.402,100 
LinearMotion, 2960,1500,-80,180,0.0,0.0,0,164.308,100 
LinearMotion, 2960,1500,-130,180,0.0,0.0,0,153.823,100 
LinearMotion, 2960,1500,-180,180,0.0,0.0,0,143.678,100 
LinearMotion, 2960,1500,-230,180,0.0,0.0,0,134.648,100 
LinearMotion, 2960,1500,-280,180,0.0,0.0,0,127.503,100 
LinearMotion, 2955,1500,-330,180,0.0,0.0,0,142.709,100 
LinearMotion, 2970,1500,-380,180,0.0,0.0,0,83.8969,100 
LinearMotion, 2950,1450,-380,180,0.0,0.0,0,131.425,100 
LinearMotion, 2950,1400,-380,180,0.0,0.0,0,144.738,100 
LinearMotion, 2955,1350,-380,180,0.0,0.0,0,138.559,100 
LinearMotion, 2945,1300,-380,180,0.0,0.0,0,189.711,100 
LinearMotion, 2940,1250,-380,180,0.0,0.0,0,173.519,100 
LinearMotion, 2935,1200,-380,180,0.0,0.0,0,131.624,100 
LinearMotion, 2925,1150,-380,180,0.0,0.0,0,125.938,100 
LinearMotion, 2930,1100,-380,180,0.0,0.0,0,98.73,100 
LinearMotion, 2925,1100,-330,180,0.0,0.0,0,100.353,100 
LinearMotion, 2915,1150,-330,180,0.0,0.0,0,135.325,100 
LinearMotion, 2925,1200,-330,180,0.0,0.0,0,144.04,100 
LinearMotion, 2935,1250,-330,180,0.0,0.0,0,174.195,100 
LinearMotion, 2940,1300,-330,180,0.0,0.0,0,200,100 
LinearMotion, 2945,1350,-330,180,0.0,0.0,0,198.457,100 
LinearMotion, 2940,1400,-330,180,0.0,0.0,0,200,100 
LinearMotion, 2945,1450,-330,180,0.0,0.0,0,169.133,100 
LinearMotion, 2950,1500,-330,180,0.0,0.0,0,151.36,100 
LinearMotion, 2950,1500,-280,180,0.0,0.0,0,156.86,100 
LinearMotion, 2940,1450,-280,180,0.0,0.0,0,200,100 
LinearMotion, 2945,1400,-280,180,0.0,0.0,0,198.795,100 
LinearMotion, 2940,1350,-280,180,0.0,0.0,0,200,100 
LinearMotion, 2940,1300,-280,180,0.0,0.0,0,196.28,100 
LinearMotion, 2930,1250,-280,180,0.0,0.0,0,166.658,100 
LinearMotion, 2915,1200,-280,180,0.0,0.0,0,150.376,100 
LinearMotion, 2910,1150,-280,180,0.0,0.0,0,118.927,100 
LinearMotion, 2920,1100,-280,180,0.0,0.0,0,106.54,100 
LinearMotion, 2920,1100,-230,180,0.0,0.0,0,92.2232,100 
LinearMotion, 2905,1150,-230,180,0.0,0.0,0,104.712,100 
LinearMotion, 2910,1200,-230,180,0.0,0.0,0,126.226,100 
LinearMotion, 2925,1250,-230,180,0.0,0.0,0,151.253,100 
LinearMotion, 2935,1300,-230,180,0.0,0.0,0,200,100 
LinearMotion, 2940,1350,-230,180,0.0,0.0,0,200,100 
LinearMotion, 2945,1400,-230,180,0.0,0.0,0,200,100 
LinearMotion, 2940,1450,-230,180,0.0,0.0,0,200,100 
LinearMotion, 2955,1500,-230,180,0.0,0.0,0,140.991,100 
LinearMotion, 2955,1500,-180,180,0.0,0.0,0,152.608,100 
LinearMotion, 2945,1450,-180,180,0.0,0.0,0,200,100 
LinearMotion, 2945,1400,-180,180,0.0,0.0,0,200,100 
LinearMotion, 2940,1350,-180,180,0.0,0.0,0,200,100 
LinearMotion, 2930,1300,-180,180,0.0,0.0,0,195.203,100 
LinearMotion, 2915,1250,-180,180,0.0,0.0,0,153.078,100 
LinearMotion, 2905,1200,-180,180,0.0,0.0,0,98.4086,100 
LinearMotion, 2900,1150,-180,180,0.0,0.0,0,95.7826,100 
LinearMotion, 2920,1100,-180,180,0.0,0.0,0,82.5693,100 
LinearMotion, 2910,1100,-130,180,0.0,0.0,0,127.026,100 
LinearMotion, 2890,1150,-130,180,0.0,0.0,0,118.375,100 
LinearMotion, 2895,1200,-130,180,0.0,0.0,0,94.0639,100 
LinearMotion, 2900,1250,-130,180,0.0,0.0,0,172.643,100 
LinearMotion, 2925,1300,-130,180,0.0,0.0,0,180.805,100 
LinearMotion, 2935,1350,-130,180,0.0,0.0,0,200,100 
LinearMotion, 2945,1400,-130,180,0.0,0.0,0,200,100 
LinearMotion, 2950,1450,-130,180,0.0,0.0,0,200,100 
LinearMotion, 2955,1500,-130,180,0.0,0.0,0,165.657,100 
LinearMotion, 2955,1500,-80,180,0.0,0.0,0,179.146,100 
LinearMotion, 2945,1450,-80,180,0.0,0.0,0,200,100 
LinearMotion, 2940,1400,-80,180,0.0,0.0,0,200,100 
LinearMotion, 2935,1350,-80,180,0.0,0.0,0,200,100 
LinearMotion, 2925,1300,-80,180,0.0,0.0,0,131.707,100 
LinearMotion, 2895,1250,-80,180,0.0,0.0,0,135.534,100 
LinearMotion, 2885,1200,-80,180,0.0,0.0,0,92.8148,100 
LinearMotion, 2880,1150,-80,180,0.0,0.0,0,146.519,100 
LinearMotion, 2905,1100,-80,180,0.0,0.0,0,149.382,100 
LinearMotion, 2910,1100,-30,180,0.0,0.0,0,123.94,100 
LinearMotion, 2880,1150,-30,180,0.0,0.0,0,129.89,100 
LinearMotion, 2875,1200,-30,180,0.0,0.0,0,97.876,100 
LinearMotion, 2885,1250,-30,180,0.0,0.0,0,119.367,100 
LinearMotion, 2910,1300,-30,180,0.0,0.0,0,148.262,100 
LinearMotion, 2935,1350,-30,180,0.0,0.0,0,175.488,100 
LinearMotion, 2945,1400,-30,180,0.0,0.0,0,200,100 
LinearMotion, 2950,1450,-30,180,0.0,0.0,0,200,100 
LinearMotion, 2960,1500,-30,180,0.0,0.0,0,167.071,100 
LinearMotion, 2965,1500,20,180,0.0,0.0,0,153.623,100 
LinearMotion, 2960,1450,20,180,0.0,0.0,0,172.602,100 
LinearMotion, 2950,1400,20,180,0.0,0.0,0,176.809,100 
LinearMotion, 2940,1350,20,180,0.0,0.0,0,105.471,100 
LinearMotion, 2915,1300,20,180,0.0,0.0,0,55.7773,100 
LinearMotion, 2880,1250,20,180,0.0,0.0,0,76.9892,100 
LinearMotion, 2875,1200,20,180,0.0,0.0,0,61.0512,100 
LinearMotion, 2885,1150,20,180,0.0,0.0,0,92.7678,100 
LinearMotion, 2930,1100,20,180,0.0,0.0,0,25,100 
LinearMotion, 2900,1100,-30,180,0.0,0.0,0,169.606,100 
LinearMotion, 2895,1100,-80,180,0.0,0.0,0,199.416,100 
LinearMotion, 2905,1100,-130,180,0.0,0.0,0,143.859,100 
LinearMotion, 2905,1100,-180,180,0.0,0.0,0,150.494,100 
LinearMotion, 2910,1100,-230,180,0.0,0.0,0,132.443,100 
LinearMotion, 2910,1100,-280,180,0.0,0.0,0,149.219,100 
LinearMotion, 2920,1100,-330,180,0.0,0.0,0,112.606,100 
LinearMotion, 2930,1100,-380,180,0.0,0.0,0,81.3414,100 
LinearMotion, 2920,1150,-380,180,0.0,0.0,0,142.584,100 
LinearMotion, 2905,1150,-330,180,0.0,0.0,0,182.946,100 
LinearMotion, 2900,1150,-280,180,0.0,0.0,0,163.733,100 
LinearMotion, 2890,1150,-230,180,0.0,0.0,0,176.44,100 
LinearMotion, 2895,1150,-180,180,0.0,0.0,0,107.251,100 
LinearMotion, 2885,1150,-130,180,0.0,0.0,0,133.723,100 
LinearMotion, 2875,1150,-80,180,0.0,0.0,0,166.699,100 
LinearMotion, 2870,1150,-30,180,0.0,0.0,0,176.578,100 
LinearMotion, 2880,1150,20,180,0.0,0.0,0,103.718,100 
LinearMotion, 2870,1200,20,180,0.0,0.0,0,66.5558,100 
LinearMotion, 2865,1200,-30,180,0.0,0.0,0,139.066,100 
LinearMotion, 2875,1200,-80,180,0.0,0.0,0,133.136,100 
LinearMotion, 2890,1200,-130,180,0.0,0.0,0,105.237,100 
LinearMotion, 2895,1200,-180,180,0.0,0.0,0,139.691,100 
LinearMotion, 2900,1200,-230,180,0.0,0.0,0,172.285,100 
LinearMotion, 2910,1200,-280,180,0.0,0.0,0,171.218,100 
LinearMotion, 2915,1200,-330,180,0.0,0.0,0,193.157,100 
LinearMotion, 2930,1200,-380,180,0.0,0.0,0,149.246,100 
LinearMotion, 2935,1250,-380,180,0.0,0.0,0,198.335,100 
LinearMotion, 2935,1250,-330,180,0.0,0.0,0,169.765,100 
LinearMotion, 2925,1250,-280,180,0.0,0.0,0,190.296,100 
LinearMotion, 2915,1250,-230,180,0.0,0.0,0,200,100 
LinearMotion, 2910,1250,-180,180,0.0,0.0,0,174.385,100 
LinearMotion, 2895,1250,-130,180,0.0,0.0,0,197.308,100 
LinearMotion, 2890,1250,-80,180,0.0,0.0,0,153.828,100 
LinearMotion, 2875,1250,-30,180,0.0,0.0,0,164.247,100 
LinearMotion, 2880,1250,20,180,0.0,0.0,0,55.8676,100 
LinearMotion, 2905,1300,20,180,0.0,0.0,0,89.7392,100 
LinearMotion, 2900,1300,-30,180,0.0,0.0,0,198.104,100 
LinearMotion, 2915,1300,-80,180,0.0,0.0,0,178.706,100 
LinearMotion, 2925,1300,-130,180,0.0,0.0,0,177.509,100 
LinearMotion, 2925,1300,-180,180,0.0,0.0,0,200,100 
LinearMotion, 2935,1300,-230,180,0.0,0.0,0,200,100 
LinearMotion, 2935,1300,-280,180,0.0,0.0,0,200,100 
LinearMotion, 2935,1300,-330,180,0.0,0.0,0,200,100 
LinearMotion, 2945,1300,-380,180,0.0,0.0,0,187.944,100 
LinearMotion, 2945,1350,-380,180,0.0,0.0,0,186.735,100 
LinearMotion, 2935,1350,-330,180,0.0,0.0,0,200,100 
LinearMotion, 2940,1350,-280,180,0.0,0.0,0,200,100 
LinearMotion, 2935,1350,-230,180,0.0,0.0,0,200,100 
LinearMotion, 2935,1350,-180,180,0.0,0.0,0,200,100 
LinearMotion, 2930,1350,-130,180,0.0,0.0,0,200,100 
LinearMotion, 2930,1350,-80,180,0.0,0.0,0,200,100 
LinearMotion, 2925,1350,-30,180,0.0,0.0,0,200,100 
LinearMotion, 2935,1350,20,180,0.0,0.0,0,118.602,100 
LinearMotion, 2945,1400,20,180,0.0,0.0,0,200,100 
LinearMotion, 2940,1400,-30,180,0.0,0.0,0,200,100 
LinearMotion, 2935,1400,-80,180,0.0,0.0,0,200,100 
LinearMotion, 2940,1400,-130,180,0.0,0.0,0,200,100 
LinearMotion, 2940,1400,-180,180,0.0,0.0,0,200,100 
LinearMotion, 2940,1400,-230,180,0.0,0.0,0,200,100 
LinearMotion, 2935,1400,-280,180,0.0,0.0,0,200,100 
LinearMotion, 2935,1400,-330,180,0.0,0.0,0,200,100 
LinearMotion, 2945,1400,-380,180,0.0,0.0,0,164.612,100 
LinearMotion, 2945,1450,-380,180,0.0,0.0,0,149.013,100 
LinearMotion, 2940,1450,-330,180,0.0,0.0,0,193.196,100 
LinearMotion, 2935,1450,-280,180,0.0,0.0,0,200,100 
LinearMotion, 2935,1450,-230,180,0.0,0.0,0,200,100 
LinearMotion, 2940,1450,-180,180,0.0,0.0,0,200,100 
LinearMotion, 2940,1450,-130,180,0.0,0.0,0,200,100 
LinearMotion, 2940,1450,-80,180,0.0,0.0,0,200,100 
LinearMotion, 2945,1450,-30,180,0.0,0.0,0,200,100 
LinearMotion, 2955,1450,20,180,0.0,0.0,0,197.261,100 
LinearMotion, 2965,1500,20,180,0.0,0.0,0,145.66,100 
LinearMotion, 2955,1500,-30,180,0.0,0.0,0,190.78,100 
LinearMotion, 2950,1500,-80,180,0.0,0.0,0,200,100 
LinearMotion, 2950,1500,-130,180,0.0,0.0,0,189.123,100 
LinearMotion, 2950,1500,-180,180,0.0,0.0,0,173.833,100 
LinearMotion, 2950,1500,-230,180,0.0,0.0,0,160.221,100 
LinearMotion, 2950,1500,-280,180,0.0,0.0,0,149.452,100 
LinearMotion, 2950,1500,-330,180,0.0,0.0,0,143.009,100 
LinearMotion, 2970,1500,-380,180,0.0,0.0,0,25,100 
LinearMotion, 2935,1450,-380,180,0.0,0.0,0,200,100 
LinearMotion, 2935,1400,-380,180,0.0,0.0,0,200,100 
LinearMotion, 2945,1350,-380,180,0.0,0.0,0,177.696,100 
LinearMotion, 2940,1300,-380,180,0.0,0.0,0,200,100 
LinearMotion, 2940,1250,-380,180,0.0,0.0,0,147.831,100 
LinearMotion, 2930,1200,-380,180,0.0,0.0,0,114.664,100 
LinearMotion, 2910,1150,-380,180,0.0,0.0,0,200,100 
LinearMotion, 2925,1100,-380,180,0.0,0.0,0,49.8602,100 
LinearMotion, 2910,1100,-330,180,0.0,0.0,0,151.797,100 
LinearMotion, 2905,1150,-330,180,0.0,0.0,0,171.325,100 
LinearMotion, 2910,1200,-330,180,0.0,0.0,0,200,100 
LinearMotion, 2925,1250,-330,180,0.0,0.0,0,200,100 
LinearMotion, 2930,1300,-330,180,0.0,0.0,0,200,100 
LinearMotion, 2935,1350,-330,180,0.0,0.0,0,200,100 
LinearMotion, 2935,1400,-330,180,0.0,0.0,0,200,100 
LinearMotion, 2930,1450,-330,180,0.0,0.0,0,200,100 
LinearMotion, 2940,1500,-330,180,0.0,0.0,0,200,100 
LinearMotion, 2945,1500,-280,180,0.0,0.0,0,164.38,100 
LinearMotion, 2930,1450,-280,180,0.0,0.0,0,200,100 
LinearMotion, 2935,1400,-280,180,0.0,0.0,0,200,100 
LinearMotion, 2930,1350,-280,180,0.0,0.0,0,200,100 
LinearMotion, 2930,1300,-280,180,0.0,0.0,0,200,100 
LinearMotion, 2915,1250,-280,180,0.0,0.0,0,200,100 
LinearMotion, 2905,1200,-280,180,0.0,0.0,0,200,100 
LinearMotion, 2900,1150,-280,180,0.0,0.0,0,139.021,100 
LinearMotion, 2905,1100,-280,180,0.0,0.0,0,163.988,100 
LinearMotion, 2900,1100,-230,180,0.0,0.0,0,185.151,100 
LinearMotion, 2890,1150,-230,180,0.0,0.0,0,160.386,100 
LinearMotion, 2895,1200,-230,180,0.0,0.0,0,200,100 
LinearMotion, 2915,1250,-230,180,0.0,0.0,0,200,100 
LinearMotion, 2930,1300,-230,180,0.0,0.0,0,200,100 
LinearMotion, 2930,1350,-230,180,0.0,0.0,0,200,100 
LinearMotion, 2935,1400,-230,180,0.0,0.0,0,200,100 
LinearMotion, 2930,1450,-230,180,0.0,0.0,0,200,100 
LinearMotion, 2945,1500,-230,180,0.0,0.0,0,182.487,100 
LinearMotion, 2950,1500,-180,180,0.0,0.0,0,156.003,100 
LinearMotion, 2935,1450,-180,180,0.0,0.0,0,200,100 
LinearMotion, 2935,1400,-180,180,0.0,0.0,0,200,100 
LinearMotion, 2930,1350,-180,180,0.0,0.0,0,200,100 
LinearMotion, 2915,1300,-180,180,0.0,0.0,0,200,100 
LinearMotion, 2905,1250,-180,180,0.0,0.0,0,200,100 
LinearMotion, 2895,1200,-180,180,0.0,0.0,0,98.5971,100 
LinearMotion, 2885,1150,-180,180,0.0,0.0,0,142.794,100 
LinearMotion, 2900,1100,-180,180,0.0,0.0,0,166.132,100 
LinearMotion, 2900,1100,-130,180,0.0,0.0,0,154.976,100 
LinearMotion, 2875,1150,-130,180,0.0,0.0,0,187.303,100 
LinearMotion, 2880,1200,-130,180,0.0,0.0,0,139.408,100 
LinearMotion, 2895,1250,-130,180,0.0,0.0,0,195.474,100 
LinearMotion, 2915,1300,-130,180,0.0,0.0,0,200,100 
LinearMotion, 2925,1350,-130,180,0.0,0.0,0,200,100 
LinearMotion, 2935,1400,-130,180,0.0,0.0,0,200,100 
LinearMotion, 2935,1450,-130,180,0.0,0.0,0,200,100 
LinearMotion, 2945,1500,-130,180,0.0,0.0,0,200,100 
LinearMotion, 2950,1500,-80,180,0.0,0.0,0,200,100 
LinearMotion, 2935,1450,-80,180,0.0,0.0,0,200,100 
LinearMotion, 2930,1400,-80,180,0.0,0.0,0,200,100 
LinearMotion, 2925,1350,-80,180,0.0,0.0,0,200,100 
LinearMotion, 2905,1300,-80,180,0.0,0.0,0,200,100 
LinearMotion, 2880,1250,-80,180,0.0,0.0,0,200,100 
LinearMotion, 2870,1200,-80,180,0.0,0.0,0,136.947,100 
LinearMotion, 2870,1150,-80,180,0.0,0.0,0,193.379,100 
LinearMotion, 2895,1100,-80,180,0.0,0.0,0,199.018,100 
LinearMotion, 2895,1100,-30,180,0.0,0.0,0,198.266,100 
LinearMotion, 2865,1150,-30,180,0.0,0.0,0,200,100 
LinearMotion, 2860,1200,-30,180,0.0,0.0,0,146.918,100 
LinearMotion, 2865,1250,-30,180,0.0,0.0,0,200,100 
LinearMotion, 2900,1300,-30,180,0.0,0.0,0,196.812,100 
LinearMotion, 2920,1350,-30,180,0.0,0.0,0,200,100 
LinearMotion, 2935,1400,-30,180,0.0,0.0,0,200,100 
LinearMotion, 2940,1450,-30,180,0.0,0.0,0,200,100 
LinearMotion, 2950,1500,-30,180,0.0,0.0,0,200,100 
LinearMotion, 2960,1500,20,180,0.0,0.0,0,158.004,100 
LinearMotion, 2950,1450,20,180,0.0,0.0,0,200,100 
LinearMotion, 2940,1400,20,180,0.0,0.0,0,200,100 
LinearMotion, 2925,1350,20,180,0.0,0.0,0,161.88,100 
LinearMotion, 2900,1300,20,180,0.0,0.0,0,63.9801,100 
LinearMotion, 2870,1250,20,180,0.0,0.0,0,56.3991,100 
LinearMotion, 2865,1200,20,180,0.0,0.0,0,25,100 
LinearMotion, 2875,1150,20,180,0.0,0.0,0,87.4842,100 
LinearMotion, 2910,1100,20,180,0.0,0.0,0,52.7164,100 
LinearMotion, 2890,1100,-30,180,0.0,0.0,0,200,100 
LinearMotion, 2890,1100,-80,180,0.0,0.0,0,200,100 
LinearMotion, 2895,1100,-130,180,0.0,0.0,0,200,100 
LinearMotion, 2895,1100,-180,180,0.0,0.0,0,200,100 
LinearMotion, 2900,1100,-230,180,0.0,0.0,0,174.213,100 
LinearMotion, 2900,1100,-280,180,0.0,0.0,0,200,100 
LinearMotion, 2905,1100,-330,180,0.0,0.0,0,200,100 
LinearMotion, 2920,1100,-380,180,0.0,0.0,0,25,100 
LinearMotion, 2910,1150,-380,180,0.0,0.0,0,200,100 
LinearMotion, 2900,1150,-330,180,0.0,0.0,0,200,100 
LinearMotion, 2895,1150,-280,180,0.0,0.0,0,179.839,100 
LinearMotion, 2885,1150,-230,180,0.0,0.0,0,200,100 
LinearMotion, 2885,1150,-180,180,0.0,0.0,0,100.654,100 
LinearMotion, 2870,1150,-130,180,0.0,0.0,0,200,100 
LinearMotion, 2865,1150,-80,180,0.0,0.0,0,200,100 
LinearMotion, 2855,1150,-30,180,0.0,0.0,0,200,100 
LinearMotion, 2865,1150,20,180,0.0,0.0,0,176.077,100 
LinearMotion, 2855,1200,20,180,0.0,0.0,0,67.5646,100 
LinearMotion, 2850,1200,-30,180,0.0,0.0,0,200,100 
LinearMotion, 2860,1200,-80,180,0.0,0.0,0,200,100 
LinearMotion, 2875,1200,-130,180,0.0,0.0,0,180.511,100 
LinearMotion, 2880,1200,-180,180,0.0,0.0,0,200,100 
LinearMotion, 2890,1200,-230,180,0.0,0.0,0,200,100 
LinearMotion, 2900,1200,-280,180,0.0,0.0,0,200,100 
LinearMotion, 2910,1200,-330,180,0.0,0.0,0,200,100 
LinearMotion, 2920,1200,-380,180,0.0,0.0,0,200,100 
LinearMotion, 2930,1250,-380,180,0.0,0.0,0,200,100 
LinearMotion, 2925,1250,-330,180,0.0,0.0,0,200,100 
LinearMotion, 2910,1250,-280,180,0.0,0.0,0,200,100 
LinearMotion, 2905,1250,-230,180,0.0,0.0,0,200,100 
LinearMotion, 2905,1250,-180,180,0.0,0.0,0,200,100 
LinearMotion, 2885,1250,-130,180,0.0,0.0,0,200,100 
LinearMotion, 2875,1250,-80,180,0.0,0.0,0,200,100 
LinearMotion, 2860,1250,-30,180,0.0,0.0,0,200,100 
LinearMotion, 2865,1250,20,180,0.0,0.0,0,36.3557,100 
LinearMotion, 2890,1300,20,180,0.0,0.0,0,135.259,100 
LinearMotion, 2885,1300,-30,180,0.0,0.0,0,200,100 
LinearMotion, 2895,1300,-80,180,0.0,0.0,0,200,100 
LinearMotion, 2910,1300,-130,180,0.0,0.0,0,200,100 
LinearMotion, 2915,1300,-180,180,0.0,0.0,0,200,100 
LinearMotion, 2925,1300,-230,180,0.0,0.0,0,200,100 
LinearMotion, 2920,1300,-280,180,0.0,0.0,0,200,100 
LinearMotion, 2930,1300,-330,180,0.0,0.0,0,200,100 
LinearMotion, 2935,1300,-380,180,0.0,0.0,0,200,100 
LinearMotion, 2940,1350,-380,180,0.0,0.0,0,200,100 
LinearMotion, 2930,1350,-330,180,0.0,0.0,0,200,100 
LinearMotion, 2925,1350,-280,180,0.0,0.0,0,200,100 
LinearMotion, 2930,1350,-230,180,0.0,0.0,0,200,100 
LinearMotion, 2925,1350,-180,180,0.0,0.0,0,200,100 
LinearMotion, 2925,1350,-130,180,0.0,0.0,0,200,100 
LinearMotion, 2920,1350,-80,180,0.0,0.0,0,200,100 
LinearMotion, 2910,1350,-30,180,0.0,0.0,0,200,100 
LinearMotion, 2925,1350,20,180,0.0,0.0,0,133.799,100 
LinearMotion, 2940,1400,20,180,0.0,0.0,0,200,100 
LinearMotion, 2930,1400,-30,180,0.0,0.0,0,200,100 
LinearMotion, 2930,1400,-80,180,0.0,0.0,0,200,100 
LinearMotion, 2930,1400,-130,180,0.0,0.0,0,200,100 
LinearMotion, 2930,1400,-180,180,0.0,0.0,0,200,100 
LinearMotion, 2930,1400,-230,180,0.0,0.0,0,200,100 
LinearMotion, 2930,1400,-280,180,0.0,0.0,0,200,100 
LinearMotion, 2925,1400,-330,180,0.0,0.0,0,200,100 
LinearMotion, 2935,1400,-380,180,0.0,0.0,0,200,100 
LinearMotion, 2935,1450,-380,180,0.0,0.0,0,200,100 
LinearMotion, 2925,1450,-330,180,0.0,0.0,0,200,100 
LinearMotion, 2930,1450,-280,180,0.0,0.0,0,200,100 
LinearMotion, 2925,1450,-230,180,0.0,0.0,0,200,100 
LinearMotion, 2930,1450,-180,180,0.0,0.0,0,200,100 
LinearMotion, 2930,1450,-130,180,0.0,0.0,0,200,100 
LinearMotion, 2930,1450,-80,180,0.0,0.0,0,200,100 
LinearMotion, 2935,1450,-30,180,0.0,0.0,0,200,100 
LinearMotion, 2950,1450,20,180,0.0,0.0,0,200,100 
LinearMotion, 2960,1500,20,180,0.0,0.0,0,127.069,100 
LinearMotion, 2950,1500,-30,180,0.0,0.0,0,200,100 
LinearMotion, 2945,1500,-80,180,0.0,0.0,0,200,100 
LinearMotion, 2945,1500,-130,180,0.0,0.0,0,200,100 
LinearMotion, 2950,1500,-180,180,0.0,0.0,0,123.594,100 
LinearMotion, 2940,1500,-230,180,0.0,0.0,0,200,100 
LinearMotion, 2940,1500,-280,180,0.0,0.0,0,200,100 
LinearMotion, 2935,1500,-330,180,0.0,0.0,0,200,100 
LinearMotion, 2945,1500,-380,180,0.0,0.0,0,117.7,100 
LinearMotion, 2985,1625,-380,180,0.0,0.0,0,3,0
