JointMotion, 2980,-950,-380,180,0.0,0.0,0,3,0
LinearMotion, 2980,-1000,-380,180,0.0,0.0,0,168.654,100 
LinearMotion, 2980,-1050,-380,180,0.0,0.0,0,172.94,100 
LinearMotion, 2980,-1100,-380,180,0.0,0.0,0,179.017,100 
LinearMotion, 2980,-1150,-380,180,0.0,0.0,0,179.35,100 
LinearMotion, 2980,-1200,-380,180,0.0,0.0,0,166.071,100 
LinearMotion, 2980,-1250,-380,180,0.0,0.0,0,144.518,100 
LinearMotion, 2980,-1300,-380,180,0.0,0.0,0,126.554,100 
LinearMotion, 2980,-1350,-380,180,0.0,0.0,0,125.863,100 
LinearMotion, 2980,-1350,-330,180,0.0,0.0,0,118.319,100 
LinearMotion, 2980,-1300,-330,180,0.0,0.0,0,113.443,100 
LinearMotion, 2980,-1250,-330,180,0.0,0.0,0,132.381,100 
LinearMotion, 2980,-1200,-330,180,0.0,0.0,0,158.222,100 
LinearMotion, 2980,-1150,-330,180,0.0,0.0,0,177.588,100 
LinearMotion, 2980,-1100,-330,180,0.0,0.0,0,182.165,100 
LinearMotion, 2980,-1050,-330,180,0.0,0.0,0,177.776,100 
LinearMotion, 2980,-1000,-330,180,0.0,0.0,0,172.725,100 
LinearMotion, 2980,-950,-330,180,0.0,0.0,0,175.072,100 
LinearMotion, 2980,-950,-280,180,0.0,0.0,0,176.842,100 
LinearMotion, 2980,-1000,-280,180,0.0,0.0,0,177.303,100 
LinearMotion, 2980,-1050,-280,180,0.0,0.0,0,182.274,100 
LinearMotion, 2980,-1100,-280,180,0.0,0.0,0,184.057,100 
LinearMotion, 2980,-1150,-280,180,0.0,0.0,0,173.397,100 
LinearMotion, 2980,-1200,-280,180,0.0,0.0,0,147.729,100 
LinearMotion, 2980,-1250,-280,180,0.0,0.0,0,118.287,100 
LinearMotion, 2980,-1300,-280,180,0.0,0.0,0,100.098,100 
LinearMotion, 2980,-1350,-280,180,0.0,0.0,0,112.244,100 
LinearMotion, 2980,-1350,-230,180,0.0,0.0,0,107.635,100 
LinearMotion, 2980,-1300,-230,180,0.0,0.0,0,87.4552,100 
LinearMotion, 2980,-1250,-230,180,0.0,0.0,0,102.447,100 
LinearMotion, 2980,-1200,-230,180,0.0,0.0,0,134.703,100 
LinearMotion, 2980,-1150,-230,180,0.0,0.0,0,166.591,100 
LinearMotion, 2980,-1100,-230,180,0.0,0.0,0,184.238,100 
LinearMotion, 2980,-1050,-230,180,0.0,0.0,0,186.108,100 
LinearMotion, 2980,-1000,-230,180,0.0,0.0,0,182.027,100 
LinearMotion, 2980,-950,-230,180,0.0,0.0,0,179.8,100 
LinearMotion, 2980,-950,-180,180,0.0,0.0,0,183.539,100 
LinearMotion, 2980,-1000,-180,180,0.0,0.0,0,186.621,100 
LinearMotion, 2980,-1050,-180,180,0.0,0.0,0,188.99,100 
LinearMotion, 2980,-1100,-180,180,0.0,0.0,0,182.212,100 
LinearMotion, 2980,-1150,-180,180,0.0,0.0,0,156.917,100 
LinearMotion, 2980,-1200,-180,180,0.0,0.0,0,119.157,100 
LinearMotion, 2980,-1250,-180,180,0.0,0.0,0,85.426,100 
LinearMotion, 2980,-1300,-180,180,0.0,0.0,0,76.5139,100 
LinearMotion, 2980,-1350,-180,180,0.0,0.0,0,104.527,100 
LinearMotion, 2980,-1350,-130,180,0.0,0.0,0,102.705,100 
LinearMotion, 2980,-1300,-130,180,0.0,0.0,0,67.653,100 
LinearMotion, 2980,-1250,-130,180,0.0,0.0,0,67.8938,100 
LinearMotion, 2980,-1200,-130,180,0.0,0.0,0,101.255,100 
LinearMotion, 2980,-1150,-130,180,0.0,0.0,0,144.216,100 
LinearMotion, 2980,-1100,-130,180,0.0,0.0,0,177.394,100 
LinearMotion, 2980,-1050,-130,180,0.0,0.0,0,190.58,100 
LinearMotion, 2980,-1000,-130,180,0.0,0.0,0,190.801,100 
LinearMotion, 2980,-950,-130,180,0.0,0.0,0,187.74,100 
LinearMotion, 2980,-950,-80,180,0.0,0.0,0,192.082,100 
LinearMotion, 2980,-1000,-80,180,0.0,0.0,0,194.28,100 
LinearMotion, 2980,-1050,-80,180,0.0,0.0,0,190.453,100 
LinearMotion, 2980,-1100,-80,180,0.0,0.0,0,169.662,100 
LinearMotion, 2980,-1150,-80,180,0.0,0.0,0,128.411,100 
LinearMotion, 2980,-1200,-80,180,0.0,0.0,0,81.2431,100 
LinearMotion, 2980,-1250,-80,180,0.0,0.0,0,51.3585,100 
LinearMotion, 2980,-1300,-80,180,0.0,0.0,0,60.5789,100 
LinearMotion, 2980,-1350,-80,180,0.0,0.0,0,101.834,100 
LinearMotion, 2980,-1350,-30,180,0.0,0.0,0,101.711,100 
LinearMotion, 2980,-1300,-30,180,0.0,0.0,0,55.2261,100 
LinearMotion, 2980,-1250,-30,180,0.0,0.0,0,36.8542,100 
LinearMotion, 2980,-1200,-30,180,0.0,0.0,0,59.9051,100 
LinearMotion, 2980,-1150,-30,180,0.0,0.0,0,109.54,100 
LinearMotion, 2980,-1100,-30,180,0.0,0.0,0,158.638,100 
LinearMotion, 2980,-1050,-30,180,0.0,0.0,0,188.22,100 
LinearMotion, 2980,-1000,-30,180,0.0,0.0,0,196.801,100 
LinearMotion, 2980,-950,-30,180,0.0,0.0,0,196.262,100 
LinearMotion, 2980,-950,20,180,0.0,0.0,0,200,100 
LinearMotion, 2980,-1000,20,180,0.0,0.0,0,198.043,100 
LinearMotion, 2980,-1050,20,180,0.0,0.0,0,183.263,100 
LinearMotion, 2980,-1100,20,180,0.0,0.0,0,144.166,100 
LinearMotion, 2980,-1150,20,180,0.0,0.0,0,87.8366,100 
LinearMotion, 2980,-1200,20,180,0.0,0.0,0,38.1973,100 
LinearMotion, 2980,-1250,20,180,0.0,0.0,0,25,100 
LinearMotion, 2980,-1300,20,180,0.0,0.0,0,51.3431,100 
LinearMotion, 2980,-1350,20,180,0.0,0.0,0,102.13,100 
LinearMotion, 2930,-1350,-30,180,0.0,0.0,0,111.179,100 
LinearMotion, 2920,-1350,-80,180,0.0,0.0,0,123.798,100 
LinearMotion, 2930,-1350,-130,180,0.0,0.0,0,111.95,100 
LinearMotion, 2920,-1350,-180,180,0.0,0.0,0,125.889,100 
LinearMotion, 2930,-1350,-230,180,0.0,0.0,0,115.777,100 
LinearMotion, 2920,-1350,-280,180,0.0,0.0,0,131.879,100 
LinearMotion, 2930,-1350,-330,180,0.0,0.0,0,124.071,100 
LinearMotion, 2920,-1350,-380,180,0.0,0.0,0,142.451,100 
LinearMotion, 2920,-1300,-380,180,0.0,0.0,0,142.987,100 
LinearMotion, 2975,-1300,-330,180,0.0,0.0,0,63.9291,100 
LinearMotion, 2920,-1300,-280,180,0.0,0.0,0,122.45,100 
LinearMotion, 2975,-1300,-230,180,0.0,0.0,0,43.7562,100 
LinearMotion, 2920,-1300,-180,180,0.0,0.0,0,104.143,100 
LinearMotion, 2975,-1300,-130,180,0.0,0.0,0,28.3846,100 
LinearMotion, 2920,-1300,-80,180,0.0,0.0,0,91.7736,100 
LinearMotion, 2970,-1300,-30,180,0.0,0.0,0,25,100 
LinearMotion, 2920,-1300,20,180,0.0,0.0,0,84.6042,100 
LinearMotion, 2920,-1250,20,180,0.0,0.0,0,64.1552,100 
LinearMotion, 2930,-1250,-30,180,0.0,0.0,0,60.8334,100 
LinearMotion, 2920,-1250,-80,180,0.0,0.0,0,84.6161,100 
LinearMotion, 2930,-1250,-130,180,0.0,0.0,0,84.9281,100 
LinearMotion, 2920,-1250,-180,180,0.0,0.0,0,111.061,100 
LinearMotion, 2930,-1250,-230,180,0.0,0.0,0,111.75,100 
LinearMotion, 2920,-1250,-280,180,0.0,0.0,0,136.57,100 
LinearMotion, 2930,-1250,-330,180,0.0,0.0,0,134.987,100 
LinearMotion, 2920,-1250,-380,180,0.0,0.0,0,156.932,100 
LinearMotion, 2920,-1200,-380,180,0.0,0.0,0,173.662,100 
LinearMotion, 2980,-1200,-330,180,0.0,0.0,0,92.4274,100 
LinearMotion, 2920,-1200,-280,180,0.0,0.0,0,159.424,100 
LinearMotion, 2975,-1200,-230,180,0.0,0.0,0,80.4328,100 
LinearMotion, 2920,-1200,-180,180,0.0,0.0,0,137.246,100 
LinearMotion, 2975,-1200,-130,180,0.0,0.0,0,54.4684,100 
LinearMotion, 2920,-1200,-80,180,0.0,0.0,0,107.814,100 
LinearMotion, 2970,-1200,-30,180,0.0,0.0,0,28.6321,100 
LinearMotion, 2920,-1200,20,180,0.0,0.0,0,74.3997,100 
LinearMotion, 2920,-1150,20,180,0.0,0.0,0,112.932,100 
LinearMotion, 2930,-1150,-30,180,0.0,0.0,0,117.257,100 
LinearMotion, 2920,-1150,-80,180,0.0,0.0,0,144.429,100 
LinearMotion, 2930,-1150,-130,180,0.0,0.0,0,144.174,100 
LinearMotion, 2920,-1150,-180,180,0.0,0.0,0,166.557,100 
LinearMotion, 2930,-1150,-230,180,0.0,0.0,0,161.542,100 
LinearMotion, 2920,-1150,-280,180,0.0,0.0,0,179.349,100 
LinearMotion, 2930,-1150,-330,180,0.0,0.0,0,170.079,100 
LinearMotion, 2920,-1150,-380,180,0.0,0.0,0,183.97,100 
LinearMotion, 2920,-1100,-380,180,0.0,0.0,0,183.712,100 
LinearMotion, 2980,-1100,-330,180,0.0,0.0,0,111.013,100 
LinearMotion, 2920,-1100,-280,180,0.0,0.0,0,187.624,100 
LinearMotion, 2980,-1100,-230,180,0.0,0.0,0,112.622,100 
LinearMotion, 2920,-1100,-180,180,0.0,0.0,0,186.192,100 
LinearMotion, 2975,-1100,-130,180,0.0,0.0,0,113.572,100 
LinearMotion, 2920,-1100,-80,180,0.0,0.0,0,176.45,100 
LinearMotion, 2980,-1100,-30,180,0.0,0.0,0,92.7504,100 
LinearMotion, 2920,-1100,20,180,0.0,0.0,0,156.659,100 
LinearMotion, 2920,-1050,20,180,0.0,0.0,0,187.008,100 
LinearMotion, 2930,-1050,-30,180,0.0,0.0,0,178.332,100 
LinearMotion, 2920,-1050,-80,180,0.0,0.0,0,192.589,100 
LinearMotion, 2930,-1050,-130,180,0.0,0.0,0,180.164,100 
LinearMotion, 2920,-1050,-180,180,0.0,0.0,0,191.453,100 
LinearMotion, 2930,-1050,-230,180,0.0,0.0,0,176.692,100 
LinearMotion, 2920,-1050,-280,180,0.0,0.0,0,186.24,100 
LinearMotion, 2930,-1050,-330,180,0.0,0.0,0,170.224,100 
LinearMotion, 2920,-1050,-380,180,0.0,0.0,0,178.994,100 
LinearMotion, 2920,-1000,-380,180,0.0,0.0,0,175.668,100 
LinearMotion, 2980,-1000,-330,180,0.0,0.0,0,103.686,100 
LinearMotion, 2920,-1000,-280,180,0.0,0.0,0,182.381,100 
LinearMotion, 2975,-1000,-230,180,0.0,0.0,0,117.168,100 
LinearMotion, 2920,-1000,-180,180,0.0,0.0,0,189.615,100 
LinearMotion, 2980,-1000,-130,180,0.0,0.0,0,117.717,100 
LinearMotion, 2920,-1000,-80,180,0.0,0.0,0,195.56,100 
LinearMotion, 2980,-1000,-30,180,0.0,0.0,0,122.374,100 
LinearMotion, 2920,-1000,20,180,0.0,0.0,0,198.481,100 
LinearMotion, 2920,-950,20,180,0.0,0.0,0,200,100 
LinearMotion, 2930,-950,-30,180,0.0,0.0,0,184.575,100 
LinearMotion, 2920,-950,-80,180,0.0,0.0,0,193.854,100 
LinearMotion, 2930,-950,-130,180,0.0,0.0,0,177.96,100 
LinearMotion, 2920,-950,-180,180,0.0,0.0,0,187.222,100 
LinearMotion, 2930,-950,-230,180,0.0,0.0,0,171.796,100 
LinearMotion, 2920,-950,-280,180,0.0,0.0,0,182.023,100 
LinearMotion, 2930,-950,-330,180,0.0,0.0,0,168.125,100 
LinearMotion, 2920,-950,-380,180,0.0,0.0,0,180.53,100 
LinearMotion, 2920,-1000,-380,180,0.0,0.0,0,172.093,100 
LinearMotion, 2920,-1050,-380,180,0.0,0.0,0,175.908,100 
LinearMotion, 2920,-1100,-380,180,0.0,0.0,0,181.319,100 
LinearMotion, 2920,-1150,-380,180,0.0,0.0,0,181.615,100 
LinearMotion, 2920,-1200,-380,180,0.0,0.0,0,169.793,100 
LinearMotion, 2920,-1250,-380,180,0.0,0.0,0,150.604,100 
LinearMotion, 2920,-1300,-380,180,0.0,0.0,0,134.611,100 
LinearMotion, 2920,-1350,-380,180,0.0,0.0,0,133.995,100 
LinearMotion, 2930,-1350,-330,180,0.0,0.0,0,112.915,100 
LinearMotion, 2965,-1300,-330,180,0.0,0.0,0,58.3011,100 
LinearMotion, 2930,-1250,-330,180,0.0,0.0,0,125.435,100 
LinearMotion, 2975,-1200,-330,180,0.0,0.0,0,83.8046,100 
LinearMotion, 2930,-1150,-330,180,0.0,0.0,0,165.683,100 
LinearMotion, 2975,-1100,-330,180,0.0,0.0,0,105.121,100 
LinearMotion, 2930,-1050,-330,180,0.0,0.0,0,165.85,100 
LinearMotion, 2970,-1000,-330,180,0.0,0.0,0,103.899,100 
LinearMotion, 2930,-950,-330,180,0.0,0.0,0,163.442,100 
LinearMotion, 2920,-950,-280,180,0.0,0.0,0,179.382,100 
LinearMotion, 2920,-1000,-280,180,0.0,0.0,0,179.792,100 
LinearMotion, 2920,-1050,-280,180,0.0,0.0,0,184.218,100 
LinearMotion, 2920,-1100,-280,180,0.0,0.0,0,185.805,100 
LinearMotion, 2920,-1150,-280,180,0.0,0.0,0,176.315,100 
LinearMotion, 2920,-1200,-280,180,0.0,0.0,0,153.463,100 
LinearMotion, 2920,-1250,-280,180,0.0,0.0,0,127.251,100 
LinearMotion, 2920,-1300,-280,180,0.0,0.0,0,111.057,100 
LinearMotion, 2920,-1350,-280,180,0.0,0.0,0,121.87,100 
LinearMotion, 2930,-1350,-230,180,0.0,0.0,0,103.403,100 
LinearMotion, 2965,-1300,-230,180,0.0,0.0,0,35.1642,100 
LinearMotion, 2930,-1250,-230,180,0.0,0.0,0,98.7846,100 
LinearMotion, 2970,-1200,-230,180,0.0,0.0,0,70.0476,100 
LinearMotion, 2930,-1150,-230,180,0.0,0.0,0,155.892,100 
LinearMotion, 2975,-1100,-230,180,0.0,0.0,0,106.966,100 
LinearMotion, 2930,-1050,-230,180,0.0,0.0,0,173.268,100 
LinearMotion, 2975,-1000,-230,180,0.0,0.0,0,104.998,100 
LinearMotion, 2930,-950,-230,180,0.0,0.0,0,167.652,100 
LinearMotion, 2920,-950,-180,180,0.0,0.0,0,185.345,100 
LinearMotion, 2920,-1000,-180,180,0.0,0.0,0,188.089,100 
LinearMotion, 2920,-1050,-180,180,0.0,0.0,0,190.198,100 
LinearMotion, 2920,-1100,-180,180,0.0,0.0,0,184.163,100 
LinearMotion, 2920,-1150,-180,180,0.0,0.0,0,161.643,100 
LinearMotion, 2920,-1200,-180,180,0.0,0.0,0,128.026,100 
LinearMotion, 2920,-1250,-180,180,0.0,0.0,0,97.9943,100 
LinearMotion, 2920,-1300,-180,180,0.0,0.0,0,90.0598,100 
LinearMotion, 2920,-1350,-180,180,0.0,0.0,0,115,100 
LinearMotion, 2930,-1350,-130,180,0.0,0.0,0,99.0138,100 
LinearMotion, 2955,-1300,-130,180,0.0,0.0,0,31.8979,100 
LinearMotion, 2930,-1250,-130,180,0.0,0.0,0,68.0216,100 
LinearMotion, 2965,-1200,-130,180,0.0,0.0,0,47.4504,100 
LinearMotion, 2930,-1150,-130,180,0.0,0.0,0,135.972,100 
LinearMotion, 2975,-1100,-130,180,0.0,0.0,0,100.873,100 
LinearMotion, 2930,-1050,-130,180,0.0,0.0,0,177.249,100 
LinearMotion, 2970,-1000,-130,180,0.0,0.0,0,119.992,100 
LinearMotion, 2930,-950,-130,180,0.0,0.0,0,174.721,100 
LinearMotion, 2920,-950,-80,180,0.0,0.0,0,192.951,100 
LinearMotion, 2920,-1000,-80,180,0.0,0.0,0,194.907,100 
LinearMotion, 2920,-1050,-80,180,0.0,0.0,0,191.501,100 
LinearMotion, 2920,-1100,-80,180,0.0,0.0,0,172.99,100 
LinearMotion, 2920,-1150,-80,180,0.0,0.0,0,136.264,100 
LinearMotion, 2920,-1200,-80,180,0.0,0.0,0,94.2702,100 
LinearMotion, 2920,-1250,-80,180,0.0,0.0,0,67.6638,100 
LinearMotion, 2920,-1300,-80,180,0.0,0.0,0,75.8728,100 
LinearMotion, 2920,-1350,-80,180,0.0,0.0,0,112.602,100 
LinearMotion, 2930,-1350,-30,180,0.0,0.0,0,98.1294,100 
LinearMotion, 2950,-1300,-30,180,0.0,0.0,0,28.0161,100 
LinearMotion, 2930,-1250,-30,180,0.0,0.0,0,40.3868,100 
LinearMotion, 2955,-1200,-30,180,0.0,0.0,0,25,100 
LinearMotion, 2930,-1150,-30,180,0.0,0.0,0,105.1,100 
LinearMotion, 2970,-1100,-30,180,0.0,0.0,0,91.3568,100 
LinearMotion, 2930,-1050,-30,180,0.0,0.0,0,175.149,100 
LinearMotion, 2970,-1000,-30,180,0.0,0.0,0,125.333,100 
LinearMotion, 2930,-950,-30,180,0.0,0.0,0,182.308,100 
LinearMotion, 2920,-950,20,180,0.0,0.0,0,200,100 
LinearMotion, 2920,-1000,20,180,0.0,0.0,0,198.257,100 
LinearMotion, 2920,-1050,20,180,0.0,0.0,0,185.099,100 
LinearMotion, 2920,-1100,20,180,0.0,0.0,0,150.291,100 
LinearMotion, 2920,-1150,20,180,0.0,0.0,0,100.14,100 
LinearMotion, 2920,-1200,20,180,0.0,0.0,0,55.9463,100 
LinearMotion, 2920,-1250,20,180,0.0,0.0,0,44.1967,100 
LinearMotion, 2920,-1300,20,180,0.0,0.0,0,67.6501,100 
LinearMotion, 2920,-1350,20,180,0.0,0.0,0,112.865,100 
LinearMotion, 2930,-1350,-30,180,0.0,0.0,0,88.309,100 
LinearMotion, 2920,-1350,-80,180,0.0,0.0,0,104.177,100 
LinearMotion, 2930,-1350,-130,180,0.0,0.0,0,89.2787,100 
LinearMotion, 2920,-1350,-180,180,0.0,0.0,0,106.806,100 
LinearMotion, 2930,-1350,-230,180,0.0,0.0,0,94.0911,100 
LinearMotion, 2920,-1350,-280,180,0.0,0.0,0,114.338,100 
LinearMotion, 2930,-1350,-330,180,0.0,0.0,0,104.52,100 
LinearMotion, 2920,-1350,-380,180,0.0,0.0,0,127.632,100 
LinearMotion, 2920,-1300,-380,180,0.0,0.0,0,128.308,100 
LinearMotion, 2955,-1300,-330,180,0.0,0.0,0,60.3895,100 
LinearMotion, 2920,-1300,-280,180,0.0,0.0,0,102.482,100 
LinearMotion, 2950,-1300,-230,180,0.0,0.0,0,42.8965,100 
LinearMotion, 2920,-1300,-180,180,0.0,0.0,0,79.4615,100 
LinearMotion, 2940,-1300,-130,180,0.0,0.0,0,39.3153,100 
LinearMotion, 2920,-1300,-80,180,0.0,0.0,0,63.9068,100 
LinearMotion, 2940,-1300,-30,180,0.0,0.0,0,27.1851,100 
LinearMotion, 2920,-1300,20,180,0.0,0.0,0,54.8915,100 
LinearMotion, 2920,-1250,20,180,0.0,0.0,0,29.1771,100 
LinearMotion, 2930,-1250,-30,180,0.0,0.0,0,25,100 
LinearMotion, 2915,-1250,-80,180,0.0,0.0,0,62.7806,100 
LinearMotion, 2930,-1250,-130,180,0.0,0.0,0,55.2987,100 
LinearMotion, 2920,-1250,-180,180,0.0,0.0,0,88.1608,100 
LinearMotion, 2930,-1250,-230,180,0.0,0.0,0,89.0274,100 
LinearMotion, 2920,-1250,-280,180,0.0,0.0,0,120.238,100 
LinearMotion, 2930,-1250,-330,180,0.0,0.0,0,118.247,100 
LinearMotion, 2920,-1250,-380,180,0.0,0.0,0,145.843,100 
LinearMotion, 2920,-1200,-380,180,0.0,0.0,0,166.881,100 
LinearMotion, 2965,-1200,-330,180,0.0,0.0,0,88.3516,100 
LinearMotion, 2920,-1200,-280,180,0.0,0.0,0,148.976,100 
LinearMotion, 2960,-1200,-230,180,0.0,0.0,0,73.2685,100 
LinearMotion, 2920,-1200,-180,180,0.0,0.0,0,121.087,100 
LinearMotion, 2950,-1200,-130,180,0.0,0.0,0,56.367,100 
LinearMotion, 2920,-1200,-80,180,0.0,0.0,0,84.0778,100 
LinearMotion, 2940,-1200,-30,180,0.0,0.0,0,31.7524,100 
LinearMotion, 2920,-1200,20,180,0.0,0.0,0,42.0595,100 
LinearMotion, 2920,-1150,20,180,0.0,0.0,0,90.5138,100 
LinearMotion, 2930,-1150,-30,180,0.0,0.0,0,95.9513,100 
LinearMotion, 2920,-1150,-80,180,0.0,0.0,0,130.12,100 
LinearMotion, 2930,-1150,-130,180,0.0,0.0,0,129.799,100 
LinearMotion, 2920,-1150,-180,180,0.0,0.0,0,157.946,100 
LinearMotion, 2930,-1150,-230,180,0.0,0.0,0,151.64,100 
LinearMotion, 2920,-1150,-280,180,0.0,0.0,0,174.032,100 
LinearMotion, 2930,-1150,-330,180,0.0,0.0,0,162.375,100 
LinearMotion, 2920,-1150,-380,180,0.0,0.0,0,179.843,100 
LinearMotion, 2920,-1100,-380,180,0.0,0.0,0,179.518,100 
LinearMotion, 2970,-1100,-330,180,0.0,0.0,0,103.849,100 
LinearMotion, 2920,-1100,-280,180,0.0,0.0,0,184.437,100 
LinearMotion, 2960,-1100,-230,180,0.0,0.0,0,121.62,100 
LinearMotion, 2920,-1100,-180,180,0.0,0.0,0,182.636,100 
LinearMotion, 2965,-1100,-130,180,0.0,0.0,0,107.066,100 
LinearMotion, 2920,-1100,-80,180,0.0,0.0,0,170.386,100 
LinearMotion, 2965,-1100,-30,180,0.0,0.0,0,88.7576,100 
LinearMotion, 2920,-1100,20,180,0.0,0.0,0,145.499,100 
LinearMotion, 2920,-1050,20,180,0.0,0.0,0,183.663,100 
LinearMotion, 2930,-1050,-30,180,0.0,0.0,0,172.753,100 
LinearMotion, 2920,-1050,-80,180,0.0,0.0,0,190.681,100 
LinearMotion, 2930,-1050,-130,180,0.0,0.0,0,175.056,100 
LinearMotion, 2920,-1050,-180,180,0.0,0.0,0,189.253,100 
LinearMotion, 2930,-1050,-230,180,0.0,0.0,0,170.691,100 
LinearMotion, 2920,-1050,-280,180,0.0,0.0,0,182.697,100 
LinearMotion, 2930,-1050,-330,180,0.0,0.0,0,162.558,100 
LinearMotion, 2920,-1050,-380,180,0.0,0.0,0,173.586,100 
LinearMotion, 2920,-1000,-380,180,0.0,0.0,0,169.402,100 
LinearMotion, 2965,-1000,-330,180,0.0,0.0,0,102.509,100 
LinearMotion, 2920,-1000,-280,180,0.0,0.0,0,177.844,100 
LinearMotion, 2970,-1000,-230,180,0.0,0.0,0,103.714,100 
LinearMotion, 2920,-1000,-180,180,0.0,0.0,0,186.941,100 
LinearMotion, 2970,-1000,-130,180,0.0,0.0,0,112.279,100 
LinearMotion, 2920,-1000,-80,180,0.0,0.0,0,194.416,100 
LinearMotion, 2970,-1000,-30,180,0.0,0.0,0,118.135,100 
LinearMotion, 2920,-1000,20,180,0.0,0.0,0,198.089,100 
LinearMotion, 2920,-950,20,180,0.0,0.0,0,200,100 
LinearMotion, 2930,-950,-30,180,0.0,0.0,0,180.603,100 
LinearMotion, 2920,-950,-80,180,0.0,0.0,0,192.271,100 
LinearMotion, 2930,-950,-130,180,0.0,0.0,0,172.285,100 
LinearMotion, 2920,-950,-180,180,0.0,0.0,0,183.932,100 
LinearMotion, 2930,-950,-230,180,0.0,0.0,0,164.534,100 
LinearMotion, 2920,-950,-280,180,0.0,0.0,0,177.394,100 
LinearMotion, 2930,-950,-330,180,0.0,0.0,0,159.918,100 
LinearMotion, 2920,-950,-380,180,0.0,0.0,0,175.517,100 
LinearMotion, 2920,-1000,-380,180,0.0,0.0,0,167.14,100 
LinearMotion, 2920,-1050,-380,180,0.0,0.0,0,171.632,100 
LinearMotion, 2920,-1100,-380,180,0.0,0.0,0,178.003,100 
LinearMotion, 2920,-1150,-380,180,0.0,0.0,0,178.352,100 
LinearMotion, 2920,-1200,-380,180,0.0,0.0,0,164.431,100 
LinearMotion, 2920,-1250,-380,180,0.0,0.0,0,141.837,100 
LinearMotion, 2920,-1300,-380,180,0.0,0.0,0,123.005,100 
LinearMotion, 2920,-1350,-380,180,0.0,0.0,0,122.28,100 
LinearMotion, 2930,-1350,-330,180,0.0,0.0,0,97.4584,100 
LinearMotion, 2950,-1300,-330,180,0.0,0.0,0,58.5208,100 
LinearMotion, 2930,-1250,-330,180,0.0,0.0,0,112.201,100 
LinearMotion, 2955,-1200,-330,180,0.0,0.0,0,97.0074,100 
LinearMotion, 2930,-1150,-330,180,0.0,0.0,0,159.592,100 
LinearMotion, 2960,-1100,-330,180,0.0,0.0,0,113.651,100 
LinearMotion, 2930,-1050,-330,180,0.0,0.0,0,159.788,100 
LinearMotion, 2960,-1000,-330,180,0.0,0.0,0,103.755,100 
LinearMotion, 2930,-950,-330,180,0.0,0.0,0,156.954,100 
LinearMotion, 2920,-950,-280,180,0.0,0.0,0,175.722,100 
LinearMotion, 2920,-1000,-280,180,0.0,0.0,0,176.206,100 
LinearMotion, 2920,-1050,-280,180,0.0,0.0,0,181.417,100 
LinearMotion, 2920,-1100,-280,180,0.0,0.0,0,183.286,100 
LinearMotion, 2920,-1150,-280,180,0.0,0.0,0,172.112,100 
LinearMotion, 2920,-1200,-280,180,0.0,0.0,0,145.203,100 
LinearMotion, 2920,-1250,-280,180,0.0,0.0,0,114.339,100 
LinearMotion, 2920,-1300,-280,180,0.0,0.0,0,95.2701,100 
LinearMotion, 2920,-1350,-280,180,0.0,0.0,0,108.003,100 
LinearMotion, 2930,-1350,-230,180,0.0,0.0,0,86.2583,100 
LinearMotion, 2940,-1300,-230,180,0.0,0.0,0,48.1905,100 
LinearMotion, 2930,-1250,-230,180,0.0,0.0,0,80.8201,100 
LinearMotion, 2950,-1200,-230,180,0.0,0.0,0,80.8088,100 
LinearMotion, 2930,-1150,-230,180,0.0,0.0,0,148.063,100 
LinearMotion, 2955,-1100,-230,180,0.0,0.0,0,124.28,100 
LinearMotion, 2930,-1050,-230,180,0.0,0.0,0,168.523,100 
LinearMotion, 2965,-1000,-230,180,0.0,0.0,0,105.049,100 
LinearMotion, 2930,-950,-230,180,0.0,0.0,0,161.911,100 
LinearMotion, 2920,-950,-180,180,0.0,0.0,0,182.744,100 
LinearMotion, 2920,-1000,-180,180,0.0,0.0,0,185.975,100 
LinearMotion, 2920,-1050,-180,180,0.0,0.0,0,188.458,100 
LinearMotion, 2920,-1100,-180,180,0.0,0.0,0,181.352,100 
LinearMotion, 2920,-1150,-180,180,0.0,0.0,0,154.836,100 
LinearMotion, 2920,-1200,-180,180,0.0,0.0,0,115.251,100 
LinearMotion, 2915,-1250,-180,180,0.0,0.0,0,88.346,100 
LinearMotion, 2915,-1300,-180,180,0.0,0.0,0,79.0032,100 
LinearMotion, 2920,-1350,-180,180,0.0,0.0,0,99.9136,100 
LinearMotion, 2930,-1350,-130,180,0.0,0.0,0,81.09,100 
LinearMotion, 2925,-1300,-130,180,0.0,0.0,0,52.801,100 
LinearMotion, 2920,-1250,-130,180,0.0,0.0,0,61.51,100 
LinearMotion, 2935,-1200,-130,180,0.0,0.0,0,71.1139,100 
LinearMotion, 2930,-1150,-130,180,0.0,0.0,0,124.607,100 
LinearMotion, 2955,-1100,-130,180,0.0,0.0,0,117.106,100 
LinearMotion, 2930,-1050,-130,180,0.0,0.0,0,173.211,100 
LinearMotion, 2965,-1000,-130,180,0.0,0.0,0,114.248,100 
LinearMotion, 2930,-950,-130,180,0.0,0.0,0,170.235,100 
LinearMotion, 2920,-950,-80,180,0.0,0.0,0,191.7,100 
LinearMotion, 2920,-1000,-80,180,0.0,0.0,0,194.004,100 
LinearMotion, 2920,-1050,-80,180,0.0,0.0,0,189.992,100 
LinearMotion, 2920,-1100,-80,180,0.0,0.0,0,168.196,100 
LinearMotion, 2920,-1150,-80,180,0.0,0.0,0,124.952,100 
LinearMotion, 2915,-1200,-80,180,0.0,0.0,0,83.9609,100 
LinearMotion, 2910,-1250,-80,180,0.0,0.0,0,61.0887,100 
LinearMotion, 2910,-1300,-80,180,0.0,0.0,0,70.7547,100 
LinearMotion, 2915,-1350,-80,180,0.0,0.0,0,105.547,100 
LinearMotion, 2930,-1350,-30,180,0.0,0.0,0,80.0486,100 
LinearMotion, 2920,-1300,-30,180,0.0,0.0,0,48.2302,100 
LinearMotion, 2910,-1250,-30,180,0.0,0.0,0,45.8835,100 
LinearMotion, 2920,-1200,-30,180,0.0,0.0,0,53.1353,100 
LinearMotion, 2930,-1150,-30,180,0.0,0.0,0,88.256,100 
LinearMotion, 2955,-1100,-30,180,0.0,0.0,0,97.4435,100 
LinearMotion, 2930,-1050,-30,180,0.0,0.0,0,170.738,100 
LinearMotion, 2960,-1000,-30,180,0.0,0.0,0,128.994,100 
LinearMotion, 2930,-950,-30,180,0.0,0.0,0,179.168,100 
LinearMotion, 2920,-950,20,180,0.0,0.0,0,200,100 
LinearMotion, 2920,-1000,20,180,0.0,0.0,0,197.948,100 
LinearMotion, 2920,-1050,20,180,0.0,0.0,0,182.455,100 
LinearMotion, 2920,-1100,20,180,0.0,0.0,0,141.468,100 
LinearMotion, 2920,-1150,20,180,0.0,0.0,0,82.4165,100 
LinearMotion, 2915,-1200,20,180,0.0,0.0,0,38.8351,100 
LinearMotion, 2915,-1250,20,180,0.0,0.0,0,25,100 
LinearMotion, 2915,-1300,20,180,0.0,0.0,0,52.6161,100 
LinearMotion, 2920,-1350,20,180,0.0,0.0,0,97.4001,100 
LinearMotion, 2925,-1350,-30,180,0.0,0.0,0,76.5767,100 
LinearMotion, 2910,-1350,-80,180,0.0,0.0,0,104.803,100 
LinearMotion, 2920,-1350,-130,180,0.0,0.0,0,87.0908,100 
LinearMotion, 2915,-1350,-180,180,0.0,0.0,0,98.567,100 
LinearMotion, 2930,-1350,-230,180,0.0,0.0,0,74.0896,100 
LinearMotion, 2915,-1350,-280,180,0.0,0.0,0,107.522,100 
LinearMotion, 2930,-1350,-330,180,0.0,0.0,0,86.4879,100 
LinearMotion, 2920,-1350,-380,180,0.0,0.0,0,113.965,100 
LinearMotion, 2920,-1300,-380,180,0.0,0.0,0,114.768,100 
LinearMotion, 2935,-1300,-330,180,0.0,0.0,0,71.4683,100 
LinearMotion, 2915,-1300,-280,180,0.0,0.0,0,93.4267,100 
LinearMotion, 2925,-1300,-230,180,0.0,0.0,0,60.0329,100 
LinearMotion, 2910,-1300,-180,180,0.0,0.0,0,75.4196,100 
LinearMotion, 2910,-1300,-130,180,0.0,0.0,0,65.1366,100 
LinearMotion, 2900,-1300,-80,180,0.0,0.0,0,75.6498,100 
LinearMotion, 2900,-1300,-30,180,0.0,0.0,0,69.438,100 
LinearMotion, 2910,-1300,20,180,0.0,0.0,0,46.2094,100 
LinearMotion, 2905,-1250,20,180,0.0,0.0,0,25,100 
LinearMotion, 2895,-1250,-30,180,0.0,0.0,0,57.479,100 
LinearMotion, 2895,-1250,-80,180,0.0,0.0,0,74.311,100 
LinearMotion, 2915,-1250,-130,180,0.0,0.0,0,56.0548,100 
LinearMotion, 2915,-1250,-180,180,0.0,0.0,0,76.4006,100 
LinearMotion, 2925,-1250,-230,180,0.0,0.0,0,77.4308,100 
LinearMotion, 2915,-1250,-280,180,0.0,0.0,0,114.536,100 
LinearMotion, 2930,-1250,-330,180,0.0,0.0,0,102.808,100 
LinearMotion, 2920,-1250,-380,180,0.0,0.0,0,135.615,100 
LinearMotion, 2920,-1200,-380,180,0.0,0.0,0,160.626,100 
LinearMotion, 2950,-1200,-330,180,0.0,0.0,0,95.3499,100 
LinearMotion, 2920,-1200,-280,180,0.0,0.0,0,139.34,100 
LinearMotion, 2940,-1200,-230,180,0.0,0.0,0,86.7795,100 
LinearMotion, 2915,-1200,-180,180,0.0,0.0,0,115.545,100 
LinearMotion, 2920,-1200,-130,180,0.0,0.0,0,85.4087,100 
LinearMotion, 2905,-1200,-80,180,0.0,0.0,0,90.2689,100 
LinearMotion, 2905,-1200,-30,180,0.0,0.0,0,65.5067,100 
LinearMotion, 2910,-1200,20,180,0.0,0.0,0,30.954,100 
LinearMotion, 2920,-1150,20,180,0.0,0.0,0,69.8367,100 
LinearMotion, 2925,-1150,-30,180,0.0,0.0,0,85.6623,100 
LinearMotion, 2915,-1150,-80,180,0.0,0.0,0,126.284,100 
LinearMotion, 2930,-1150,-130,180,0.0,0.0,0,116.541,100 
LinearMotion, 2920,-1150,-180,180,0.0,0.0,0,150.004,100 
LinearMotion, 2930,-1150,-230,180,0.0,0.0,0,142.507,100 
LinearMotion, 2920,-1150,-280,180,0.0,0.0,0,169.128,100 
LinearMotion, 2930,-1150,-330,180,0.0,0.0,0,155.269,100 
LinearMotion, 2920,-1150,-380,180,0.0,0.0,0,176.036,100 
LinearMotion, 2920,-1100,-380,180,0.0,0.0,0,175.65,100 
LinearMotion, 2955,-1100,-330,180,0.0,0.0,0,113.774,100 
LinearMotion, 2920,-1100,-280,180,0.0,0.0,0,181.498,100 
LinearMotion, 2950,-1100,-230,180,0.0,0.0,0,125.54,100 
LinearMotion, 2920,-1100,-180,180,0.0,0.0,0,179.357,100 
LinearMotion, 2950,-1100,-130,180,0.0,0.0,0,117.599,100 
LinearMotion, 2920,-1100,-80,180,0.0,0.0,0,164.793,100 
LinearMotion, 2945,-1100,-30,180,0.0,0.0,0,105.194,100 
LinearMotion, 2920,-1100,20,180,0.0,0.0,0,135.206,100 
LinearMotion, 2920,-1050,20,180,0.0,0.0,0,180.578,100 
LinearMotion, 2930,-1050,-30,180,0.0,0.0,0,167.607,100 
LinearMotion, 2920,-1050,-80,180,0.0,0.0,0,188.921,100 
LinearMotion, 2930,-1050,-130,180,0.0,0.0,0,170.345,100 
LinearMotion, 2920,-1050,-180,180,0.0,0.0,0,187.223,100 
LinearMotion, 2930,-1050,-230,180,0.0,0.0,0,165.156,100 
LinearMotion, 2920,-1050,-280,180,0.0,0.0,0,179.429,100 
LinearMotion, 2930,-1050,-330,180,0.0,0.0,0,155.486,100 
LinearMotion, 2920,-1050,-380,180,0.0,0.0,0,168.597,100 
LinearMotion, 2920,-1000,-380,180,0.0,0.0,0,163.624,100 
LinearMotion, 2950,-1000,-330,180,0.0,0.0,0,112.181,100 
LinearMotion, 2920,-1000,-280,180,0.0,0.0,0,173.66,100 
LinearMotion, 2960,-1000,-230,180,0.0,0.0,0,104.252,100 
LinearMotion, 2920,-1000,-180,180,0.0,0.0,0,184.475,100 
LinearMotion, 2960,-1000,-130,180,0.0,0.0,0,114.435,100 
LinearMotion, 2920,-1000,-80,180,0.0,0.0,0,193.362,100 
LinearMotion, 2960,-1000,-30,180,0.0,0.0,0,121.397,100 
LinearMotion, 2920,-1000,20,180,0.0,0.0,0,197.729,100 
LinearMotion, 2920,-950,20,180,0.0,0.0,0,200,100 
LinearMotion, 2930,-950,-30,180,0.0,0.0,0,176.939,100 
LinearMotion, 2920,-950,-80,180,0.0,0.0,0,190.812,100 
LinearMotion, 2930,-950,-130,180,0.0,0.0,0,167.05,100 
LinearMotion, 2920,-950,-180,180,0.0,0.0,0,180.898,100 
LinearMotion, 2930,-950,-230,180,0.0,0.0,0,157.836,100 
LinearMotion, 2920,-950,-280,180,0.0,0.0,0,173.125,100 
LinearMotion, 2930,-950,-330,180,0.0,0.0,0,152.348,100 
LinearMotion, 2920,-950,-380,180,0.0,0.0,0,170.893,100 
LinearMotion, 2920,-1000,-380,180,0.0,0.0,0,157.653,100 
LinearMotion, 2920,-1050,-380,180,0.0,0.0,0,163.442,100 
LinearMotion, 2920,-1100,-380,180,0.0,0.0,0,171.652,100 
LinearMotion, 2920,-1150,-380,180,0.0,0.0,0,172.102,100 
LinearMotion, 2920,-1200,-380,180,0.0,0.0,0,154.162,100 
LinearMotion, 2920,-1250,-380,180,0.0,0.0,0,125.045,100 
LinearMotion, 2915,-1300,-380,180,0.0,0.0,0,111.675,100 
LinearMotion, 2915,-1350,-380,180,0.0,0.0,0,110.74,100 
LinearMotion, 2930,-1350,-330,180,0.0,0.0,0,67.8542,100 
LinearMotion, 2925,-1300,-330,180,0.0,0.0,0,72.165,100 
LinearMotion, 2925,-1250,-330,180,0.0,0.0,0,97.7508,100 
LinearMotion, 2945,-1200,-330,180,0.0,0.0,0,89.0689,100 
LinearMotion, 2930,-1150,-330,180,0.0,0.0,0,147.926,100 
LinearMotion, 2945,-1100,-330,180,0.0,0.0,0,121.415,100 
LinearMotion, 2930,-1050,-330,180,0.0,0.0,0,148.179,100 
LinearMotion, 2945,-1000,-330,180,0.0,0.0,0,108.663,100 
LinearMotion, 2930,-950,-330,180,0.0,0.0,0,144.526,100 
LinearMotion, 2920,-950,-280,180,0.0,0.0,0,168.713,100 
LinearMotion, 2920,-1000,-280,180,0.0,0.0,0,169.336,100 
LinearMotion, 2920,-1050,-280,180,0.0,0.0,0,176.052,100 
LinearMotion, 2920,-1100,-280,180,0.0,0.0,0,178.461,100 
LinearMotion, 2920,-1150,-280,180,0.0,0.0,0,164.06,100 
LinearMotion, 2920,-1200,-280,180,0.0,0.0,0,129.382,100 
LinearMotion, 2910,-1250,-280,180,0.0,0.0,0,111.404,100 
LinearMotion, 2910,-1300,-280,180,0.0,0.0,0,86.8301,100 
LinearMotion, 2915,-1350,-280,180,0.0,0.0,0,92.3412,100 
LinearMotion, 2915,-1350,-230,180,0.0,0.0,0,86.1146,100 
LinearMotion, 2915,-1300,-230,180,0.0,0.0,0,58.8524,100 
LinearMotion, 2920,-1250,-230,180,0.0,0.0,0,68.2083,100 
LinearMotion, 2935,-1200,-230,180,0.0,0.0,0,79.0917,100 
LinearMotion, 2930,-1150,-230,180,0.0,0.0,0,133.069,100 
LinearMotion, 2940,-1100,-230,180,0.0,0.0,0,135.113,100 
LinearMotion, 2930,-1050,-230,180,0.0,0.0,0,159.436,100 
LinearMotion, 2950,-1000,-230,180,0.0,0.0,0,110.33,100 
LinearMotion, 2930,-950,-230,180,0.0,0.0,0,150.915,100 
LinearMotion, 2920,-950,-180,180,0.0,0.0,0,177.762,100 
LinearMotion, 2920,-1000,-180,180,0.0,0.0,0,181.926,100 
LinearMotion, 2920,-1050,-180,180,0.0,0.0,0,185.126,100 
LinearMotion, 2920,-1100,-180,180,0.0,0.0,0,175.968,100 
LinearMotion, 2920,-1150,-180,180,0.0,0.0,0,141.796,100 
LinearMotion, 2915,-1200,-180,180,0.0,0.0,0,101.681,100 
LinearMotion, 2910,-1250,-180,180,0.0,0.0,0,67.009,100 
LinearMotion, 2900,-1300,-180,180,0.0,0.0,0,76.7649,100 
LinearMotion, 2915,-1350,-180,180,0.0,0.0,0,81.9162,100 
LinearMotion, 2905,-1350,-130,180,0.0,0.0,0,101.25,100 
LinearMotion, 2905,-1300,-130,180,0.0,0.0,0,53.8959,100 
LinearMotion, 2900,-1250,-130,180,0.0,0.0,0,65.1193,100 
LinearMotion, 2920,-1200,-130,180,0.0,0.0,0,66.5978,100 
LinearMotion, 2925,-1150,-130,180,0.0,0.0,0,113.739,100 
LinearMotion, 2945,-1100,-130,180,0.0,0.0,0,114.97,100 
LinearMotion, 2930,-1050,-130,180,0.0,0.0,0,165.477,100 
LinearMotion, 2950,-1000,-130,180,0.0,0.0,0,122.185,100 
LinearMotion, 2930,-950,-130,180,0.0,0.0,0,161.641,100 
LinearMotion, 2920,-950,-80,180,0.0,0.0,0,189.303,100 
LinearMotion, 2920,-1000,-80,180,0.0,0.0,0,192.272,100 
LinearMotion, 2920,-1050,-80,180,0.0,0.0,0,187.103,100 
LinearMotion, 2920,-1100,-80,180,0.0,0.0,0,159.013,100 
LinearMotion, 2910,-1150,-80,180,0.0,0.0,0,125.081,100 
LinearMotion, 2900,-1200,-80,180,0.0,0.0,0,83.1539,100 
LinearMotion, 2890,-1250,-80,180,0.0,0.0,0,64.5763,100 
LinearMotion, 2895,-1300,-80,180,0.0,0.0,0,66.135,100 
LinearMotion, 2905,-1350,-80,180,0.0,0.0,0,100.074,100 
LinearMotion, 2915,-1350,-30,180,0.0,0.0,0,78.112,100 
LinearMotion, 2890,-1300,-30,180,0.0,0.0,0,69.8015,100 
LinearMotion, 2880,-1250,-30,180,0.0,0.0,0,66.7773,100 
LinearMotion, 2890,-1200,-30,180,0.0,0.0,0,76.1227,100 
LinearMotion, 2915,-1150,-30,180,0.0,0.0,0,88.689,100 
LinearMotion, 2940,-1100,-30,180,0.0,0.0,0,100.529,100 
LinearMotion, 2930,-1050,-30,180,0.0,0.0,0,162.29,100 
LinearMotion, 2955,-1000,-30,180,0.0,0.0,0,119.392,100 
LinearMotion, 2930,-950,-30,180,0.0,0.0,0,173.154,100 
LinearMotion, 2920,-950,20,180,0.0,0.0,0,200,100 
LinearMotion, 2920,-1000,20,180,0.0,0.0,0,197.356,100 
LinearMotion, 2920,-1050,20,180,0.0,0.0,0,177.389,100 
LinearMotion, 2920,-1100,20,180,0.0,0.0,0,124.57,100 
LinearMotion, 2915,-1150,20,180,0.0,0.0,0,59.3676,100 
LinearMotion, 2900,-1200,20,180,0.0,0.0,0,25,100 
LinearMotion, 2890,-1250,20,180,0.0,0.0,0,28.9666,100 
LinearMotion, 2895,-1300,20,180,0.0,0.0,0,53.6576,100 
LinearMotion, 2915,-1350,20,180,0.0,0.0,0,78.6771,100 
LinearMotion, 2905,-1350,-30,180,0.0,0.0,0,82.6293,100 
LinearMotion, 2900,-1350,-80,180,0.0,0.0,0,95.603,100 
LinearMotion, 2900,-1350,-130,180,0.0,0.0,0,96.9822,100 
LinearMotion, 2910,-1350,-180,180,0.0,0.0,0,74.3108,100 
LinearMotion, 2905,-1350,-230,180,0.0,0.0,0,92.0133,100 
LinearMotion, 2905,-1350,-280,180,0.0,0.0,0,99.3148,100 
LinearMotion, 2925,-1350,-330,180,0.0,0.0,0,57.8214,100 
LinearMotion, 2915,-1350,-380,180,0.0,0.0,0,95.3314,100 
LinearMotion, 2915,-1300,-380,180,0.0,0.0,0,96.4271,100 
LinearMotion, 2915,-1300,-330,180,0.0,0.0,0,75.6556,100 
LinearMotion, 2905,-1300,-280,180,0.0,0.0,0,80.073,100 
LinearMotion, 2905,-1300,-230,180,0.0,0.0,0,60.0449,100 
LinearMotion, 2895,-1300,-180,180,0.0,0.0,0,68.2703,100 
LinearMotion, 2885,-1300,-130,180,0.0,0.0,0,79.7913,100 
LinearMotion, 2880,-1300,-80,180,0.0,0.0,0,81.3639,100 
LinearMotion, 2875,-1300,-30,180,0.0,0.0,0,85.6633,100 
LinearMotion, 2890,-1300,20,180,0.0,0.0,0,41.1741,100 
LinearMotion, 2880,-1250,20,180,0.0,0.0,0,25,100 
LinearMotion, 2870,-1250,-30,180,0.0,0.0,0,69.3378,100 
LinearMotion, 2875,-1250,-80,180,0.0,0.0,0,79.5362,100 
LinearMotion, 2885,-1250,-130,180,0.0,0.0,0,80.1729,100 
LinearMotion, 2900,-1250,-180,180,0.0,0.0,0,69.6095,100 
LinearMotion, 2905,-1250,-230,180,0.0,0.0,0,83.7951,100 
LinearMotion, 2910,-1250,-280,180,0.0,0.0,0,96.11,100 
LinearMotion, 2925,-1250,-330,180,0.0,0.0,0,80.0998,100 
LinearMotion, 2920,-1250,-380,180,0.0,0.0,0,112.106,100 
LinearMotion, 2920,-1200,-380,180,0.0,0.0,0,146.249,100 
LinearMotion, 2935,-1200,-330,180,0.0,0.0,0,95.4776,100 
LinearMotion, 2915,-1200,-280,180,0.0,0.0,0,129.971,100 
LinearMotion, 2920,-1200,-230,180,0.0,0.0,0,96.5573,100 
LinearMotion, 2910,-1200,-180,180,0.0,0.0,0,97.4882,100 
LinearMotion, 2900,-1200,-130,180,0.0,0.0,0,94.6859,100 
LinearMotion, 2885,-1200,-80,180,0.0,0.0,0,101.321,100 
LinearMotion, 2875,-1200,-30,180,0.0,0.0,0,93.0758,100 
LinearMotion, 2885,-1200,20,180,0.0,0.0,0,33.1279,100 
LinearMotion, 2905,-1150,20,180,0.0,0.0,0,60.649,100 
LinearMotion, 2900,-1150,-30,180,0.0,0.0,0,107.811,100 
LinearMotion, 2905,-1150,-80,180,0.0,0.0,0,124.927,100 
LinearMotion, 2915,-1150,-130,180,0.0,0.0,0,124.407,100 
LinearMotion, 2915,-1150,-180,180,0.0,0.0,0,144.528,100 
LinearMotion, 2925,-1150,-230,180,0.0,0.0,0,134.294,100 
LinearMotion, 2915,-1150,-280,180,0.0,0.0,0,170.635,100 
LinearMotion, 2930,-1150,-330,180,0.0,0.0,0,138.937,100 
LinearMotion, 2920,-1150,-380,180,0.0,0.0,0,167.286,100 
LinearMotion, 2920,-1100,-380,180,0.0,0.0,0,166.759,100 
LinearMotion, 2940,-1100,-330,180,0.0,0.0,0,120.629,100 
LinearMotion, 2920,-1100,-280,180,0.0,0.0,0,174.742,100 
LinearMotion, 2935,-1100,-230,180,0.0,0.0,0,136.691,100 
LinearMotion, 2920,-1100,-180,180,0.0,0.0,0,171.82,100 
LinearMotion, 2935,-1100,-130,180,0.0,0.0,0,125.85,100 
LinearMotion, 2915,-1100,-80,180,0.0,0.0,0,164.717,100 
LinearMotion, 2935,-1100,-30,180,0.0,0.0,0,96.1367,100 
LinearMotion, 2920,-1100,20,180,0.0,0.0,0,111.548,100 
LinearMotion, 2920,-1050,20,180,0.0,0.0,0,173.486,100 
LinearMotion, 2930,-1050,-30,180,0.0,0.0,0,155.78,100 
LinearMotion, 2920,-1050,-80,180,0.0,0.0,0,184.876,100 
LinearMotion, 2930,-1050,-130,180,0.0,0.0,0,159.518,100 
LinearMotion, 2920,-1050,-180,180,0.0,0.0,0,182.558,100 
LinearMotion, 2930,-1050,-230,180,0.0,0.0,0,152.434,100 
LinearMotion, 2920,-1050,-280,180,0.0,0.0,0,171.918,100 
LinearMotion, 2930,-1050,-330,180,0.0,0.0,0,139.234,100 
LinearMotion, 2920,-1050,-380,180,0.0,0.0,0,157.131,100 
LinearMotion, 2920,-1000,-380,180,0.0,0.0,0,150.342,100 
LinearMotion, 2945,-1000,-330,180,0.0,0.0,0,92.8954,100 
LinearMotion, 2920,-1000,-280,180,0.0,0.0,0,164.043,100 
LinearMotion, 2945,-1000,-230,180,0.0,0.0,0,107.63,100 
LinearMotion, 2920,-1000,-180,180,0.0,0.0,0,178.806,100 
LinearMotion, 2945,-1000,-130,180,0.0,0.0,0,121.531,100 
LinearMotion, 2920,-1000,-80,180,0.0,0.0,0,190.938,100 
LinearMotion, 2945,-1000,-30,180,0.0,0.0,0,131.035,100 
LinearMotion, 2920,-1000,20,180,0.0,0.0,0,196.899,100 
LinearMotion, 2920,-950,20,180,0.0,0.0,0,200,100 
LinearMotion, 2930,-950,-30,180,0.0,0.0,0,168.52,100 
LinearMotion, 2920,-950,-80,180,0.0,0.0,0,187.457,100 
LinearMotion, 2930,-950,-130,180,0.0,0.0,0,155.02,100 
LinearMotion, 2920,-950,-180,180,0.0,0.0,0,173.923,100 
LinearMotion, 2930,-950,-230,180,0.0,0.0,0,142.441,100 
LinearMotion, 2920,-950,-280,180,0.0,0.0,0,163.312,100 
LinearMotion, 2930,-950,-330,180,0.0,0.0,0,134.95,100 
LinearMotion, 2920,-950,-380,180,0.0,0.0,0,160.266,100 
LinearMotion, 2920,-1000,-380,180,0.0,0.0,0,138.505,100 
LinearMotion, 2920,-1050,-380,180,0.0,0.0,0,146.912,100 
LinearMotion, 2915,-1100,-380,180,0.0,0.0,0,174.66,100 
LinearMotion, 2915,-1150,-380,180,0.0,0.0,0,175.313,100 
LinearMotion, 2915,-1200,-380,180,0.0,0.0,0,149.262,100 
LinearMotion, 2915,-1250,-380,180,0.0,0.0,0,106.979,100 
LinearMotion, 2910,-1300,-380,180,0.0,0.0,0,87.563,100 
LinearMotion, 2915,-1350,-380,180,0.0,0.0,0,70.3805,100 
LinearMotion, 2915,-1350,-330,180,0.0,0.0,0,55.5799,100 
LinearMotion, 2905,-1300,-330,180,0.0,0.0,0,77.6655,100 
LinearMotion, 2915,-1250,-330,180,0.0,0.0,0,83.1691,100 
LinearMotion, 2930,-1200,-330,180,0.0,0.0,0,86.3871,100 
LinearMotion, 2925,-1150,-330,180,0.0,0.0,0,140.206,100 
LinearMotion, 2930,-1100,-330,180,0.0,0.0,0,133.359,100 
LinearMotion, 2925,-1050,-330,180,0.0,0.0,0,140.574,100 
LinearMotion, 2940,-1000,-330,180,0.0,0.0,0,83.1894,100 
LinearMotion, 2930,-950,-330,180,0.0,0.0,0,119.443,100 
LinearMotion, 2920,-950,-280,180,0.0,0.0,0,154.567,100 
LinearMotion, 2920,-1000,-280,180,0.0,0.0,0,155.472,100 
LinearMotion, 2915,-1050,-280,180,0.0,0.0,0,181.05,100 
LinearMotion, 2915,-1100,-280,180,0.0,0.0,0,184.547,100 
LinearMotion, 2915,-1150,-280,180,0.0,0.0,0,163.635,100 
LinearMotion, 2910,-1200,-280,180,0.0,0.0,0,129.103,100 
LinearMotion, 2900,-1250,-280,180,0.0,0.0,0,102.996,100 
LinearMotion, 2895,-1300,-280,180,0.0,0.0,0,83.136,100 
LinearMotion, 2895,-1350,-280,180,0.0,0.0,0,106.965,100 
LinearMotion, 2900,-1350,-230,180,0.0,0.0,0,82.0969,100 
LinearMotion, 2895,-1300,-230,180,0.0,0.0,0,58.3335,100 
LinearMotion, 2895,-1250,-230,180,0.0,0.0,0,87.7453,100 
LinearMotion, 2920,-1200,-230,180,0.0,0.0,0,71.8985,100 
LinearMotion, 2920,-1150,-230,180,0.0,0.0,0,134.456,100 
LinearMotion, 2935,-1100,-230,180,0.0,0.0,0,121.6,100 
LinearMotion, 2925,-1050,-230,180,0.0,0.0,0,156.92,100 
LinearMotion, 2940,-1000,-230,180,0.0,0.0,0,101.437,100 
LinearMotion, 2930,-950,-230,180,0.0,0.0,0,128.72,100 
LinearMotion, 2920,-950,-180,180,0.0,0.0,0,167.707,100 
LinearMotion, 2915,-1000,-180,180,0.0,0.0,0,189.579,100 
LinearMotion, 2915,-1050,-180,180,0.0,0.0,0,194.226,100 
LinearMotion, 2915,-1100,-180,180,0.0,0.0,0,180.928,100 
LinearMotion, 2910,-1150,-180,180,0.0,0.0,0,147.13,100 
LinearMotion, 2900,-1200,-180,180,0.0,0.0,0,104.703,100 
LinearMotion, 2885,-1250,-180,180,0.0,0.0,0,86.0038,100 
LinearMotion, 2880,-1300,-180,180,0.0,0.0,0,84.3453,100 
LinearMotion, 2905,-1350,-180,180,0.0,0.0,0,60.1746,100 
LinearMotion, 2890,-1350,-130,180,0.0,0.0,0,104.076,100 
LinearMotion, 2875,-1300,-130,180,0.0,0.0,0,82.7871,100 
LinearMotion, 2880,-1250,-130,180,0.0,0.0,0,67.434,100 
LinearMotion, 2895,-1200,-130,180,0.0,0.0,0,85.4067,100 
LinearMotion, 2915,-1150,-130,180,0.0,0.0,0,106.387,100 
LinearMotion, 2925,-1100,-130,180,0.0,0.0,0,139.825,100 
LinearMotion, 2930,-1050,-130,180,0.0,0.0,0,149.868,100 
LinearMotion, 2940,-1000,-130,180,0.0,0.0,0,118.651,100 
LinearMotion, 2930,-950,-130,180,0.0,0.0,0,144.297,100 
LinearMotion, 2920,-950,-80,180,0.0,0.0,0,184.467,100 
LinearMotion, 2920,-1000,-80,180,0.0,0.0,0,188.778,100 
LinearMotion, 2915,-1050,-80,180,0.0,0.0,0,197.097,100 
LinearMotion, 2915,-1100,-80,180,0.0,0.0,0,156.307,100 
LinearMotion, 2895,-1150,-80,180,0.0,0.0,0,138.683,100 
LinearMotion, 2880,-1200,-80,180,0.0,0.0,0,93.6232,100 
LinearMotion, 2865,-1250,-80,180,0.0,0.0,0,82.4712,100 
LinearMotion, 2870,-1300,-80,180,0.0,0.0,0,84.7346,100 
LinearMotion, 2885,-1350,-80,180,0.0,0.0,0,118.194,100 
LinearMotion, 2895,-1350,-30,180,0.0,0.0,0,86.3016,100 
LinearMotion, 2865,-1300,-30,180,0.0,0.0,0,90.0589,100 
LinearMotion, 2860,-1250,-30,180,0.0,0.0,0,69.8417,100 
LinearMotion, 2870,-1200,-30,180,0.0,0.0,0,83.4128,100 
LinearMotion, 2890,-1150,-30,180,0.0,0.0,0,117.487,100 
LinearMotion, 2925,-1100,-30,180,0.0,0.0,0,103.029,100 
LinearMotion, 2930,-1050,-30,180,0.0,0.0,0,145.239,100 
LinearMotion, 2940,-1000,-30,180,0.0,0.0,0,130.421,100 
LinearMotion, 2930,-950,-30,180,0.0,0.0,0,161.015,100 
LinearMotion, 2920,-950,20,180,0.0,0.0,0,200,100 
LinearMotion, 2920,-1000,20,180,0.0,0.0,0,196.16,100 
LinearMotion, 2920,-1050,20,180,0.0,0.0,0,167.166,100 
LinearMotion, 2915,-1100,20,180,0.0,0.0,0,106.289,100 
LinearMotion, 2900,-1150,20,180,0.0,0.0,0,43.256,100 
LinearMotion, 2875,-1200,20,180,0.0,0.0,0,25,100 
LinearMotion, 2865,-1250,20,180,0.0,0.0,0,30.7602,100 
LinearMotion, 2875,-1300,20,180,0.0,0.0,0,50.7899,100 
LinearMotion, 2910,-1350,20,180,0.0,0.0,0,39.6453,100 
LinearMotion, 2880,-1350,-30,180,0.0,0.0,0,116.89,100 
LinearMotion, 2880,-1350,-80,180,0.0,0.0,0,117.173,100 
LinearMotion, 2880,-1350,-130,180,0.0,0.0,0,119.177,100 
LinearMotion, 2895,-1350,-180,180,0.0,0.0,0,67.6606,100 
LinearMotion, 2885,-1350,-230,180,0.0,0.0,0,111.956,100 
LinearMotion, 2890,-1350,-280,180,0.0,0.0,0,103.996,100 
LinearMotion, 2910,-1350,-330,180,0.0,0.0,0,43.6985,100 
LinearMotion, 2910,-1350,-380,180,0.0,0.0,0,61.0662,100 
LinearMotion, 2900,-1300,-380,180,0.0,0.0,0,99.7995,100 
LinearMotion, 2900,-1300,-330,180,0.0,0.0,0,69.6148,100 
LinearMotion, 2885,-1300,-280,180,0.0,0.0,0,94.6047,100 
LinearMotion, 2880,-1300,-230,180,0.0,0.0,0,84.0707,100 
LinearMotion, 2870,-1300,-180,180,0.0,0.0,0,96.0238,100 
LinearMotion, 2860,-1300,-130,180,0.0,0.0,0,112.766,100 
LinearMotion, 2860,-1300,-80,180,0.0,0.0,0,96.4806,100 
LinearMotion, 2855,-1300,-30,180,0.0,0.0,0,102.728,100 
LinearMotion, 2865,-1300,20,180,0.0,0.0,0,56.6481,100 
LinearMotion, 2855,-1250,20,180,0.0,0.0,0,33.1443,100 
LinearMotion, 2850,-1250,-30,180,0.0,0.0,0,79.0045,100 
LinearMotion, 2845,-1250,-80,180,0.0,0.0,0,130.966,100 
LinearMotion, 2860,-1250,-130,180,0.0,0.0,0,113.32,100 
LinearMotion, 2870,-1250,-180,180,0.0,0.0,0,116.54,100 
LinearMotion, 2885,-1250,-230,180,0.0,0.0,0,100.014,100 
LinearMotion, 2895,-1250,-280,180,0.0,0.0,0,99.3386,100 
LinearMotion, 2900,-1250,-330,180,0.0,0.0,0,113.214,100 
LinearMotion, 2910,-1250,-380,180,0.0,0.0,0,104.013,100 
LinearMotion, 2915,-1200,-380,180,0.0,0.0,0,135.059,100 
LinearMotion, 2920,-1200,-330,180,0.0,0.0,0,98.4198,100 
LinearMotion, 2905,-1200,-280,180,0.0,0.0,0,129.974,100 
LinearMotion, 2905,-1200,-230,180,0.0,0.0,0,99.9887,100 
LinearMotion, 2890,-1200,-180,180,0.0,0.0,0,119.912,100 
LinearMotion, 2880,-1200,-130,180,0.0,0.0,0,115.84,100 
LinearMotion, 2865,-1200,-80,180,0.0,0.0,0,125.481,100 
LinearMotion, 2855,-1200,-30,180,0.0,0.0,0,113.5,100 
LinearMotion, 2860,-1200,20,180,0.0,0.0,0,44.9556,100 
LinearMotion, 2885,-1150,20,180,0.0,0.0,0,66.3781,100 
LinearMotion, 2875,-1150,-30,180,0.0,0.0,0,153.484,100 
LinearMotion, 2885,-1150,-80,180,0.0,0.0,0,159.786,100 
LinearMotion, 2900,-1150,-130,180,0.0,0.0,0,140.459,100 
LinearMotion, 2910,-1150,-180,180,0.0,0.0,0,132.558,100 
LinearMotion, 2915,-1150,-230,180,0.0,0.0,0,136.256,100 
LinearMotion, 2910,-1150,-280,180,0.0,0.0,0,170.496,100 
LinearMotion, 2925,-1150,-330,180,0.0,0.0,0,124.433,100 
LinearMotion, 2915,-1150,-380,180,0.0,0.0,0,165.629,100 
LinearMotion, 2915,-1100,-380,180,0.0,0.0,0,164.863,100 
LinearMotion, 2925,-1100,-330,180,0.0,0.0,0,134.969,100 
LinearMotion, 2915,-1100,-280,180,0.0,0.0,0,176.465,100 
LinearMotion, 2925,-1100,-230,180,0.0,0.0,0,139.74,100 
LinearMotion, 2915,-1100,-180,180,0.0,0.0,0,172.217,100 
LinearMotion, 2920,-1100,-130,180,0.0,0.0,0,142.556,100 
LinearMotion, 2910,-1100,-80,180,0.0,0.0,0,161.896,100 
LinearMotion, 2920,-1100,-30,180,0.0,0.0,0,99.3774,100 
LinearMotion, 2910,-1100,20,180,0.0,0.0,0,103.203,100 
LinearMotion, 2920,-1050,20,180,0.0,0.0,0,156.068,100 
LinearMotion, 2925,-1050,-30,180,0.0,0.0,0,148.909,100 
LinearMotion, 2915,-1050,-80,180,0.0,0.0,0,191.191,100 
LinearMotion, 2925,-1050,-130,180,0.0,0.0,0,154.34,100 
LinearMotion, 2915,-1050,-180,180,0.0,0.0,0,187.822,100 
LinearMotion, 2925,-1050,-230,180,0.0,0.0,0,144.046,100 
LinearMotion, 2915,-1050,-280,180,0.0,0.0,0,172.36,100 
LinearMotion, 2925,-1050,-330,180,0.0,0.0,0,124.864,100 
LinearMotion, 2915,-1050,-380,180,0.0,0.0,0,150.872,100 
LinearMotion, 2915,-1000,-380,180,0.0,0.0,0,141.007,100 
LinearMotion, 2935,-1000,-330,180,0.0,0.0,0,76.0968,100 
LinearMotion, 2915,-1000,-280,180,0.0,0.0,0,160.916,100 
LinearMotion, 2935,-1000,-230,180,0.0,0.0,0,97.509,100 
LinearMotion, 2915,-1000,-180,180,0.0,0.0,0,182.369,100 
LinearMotion, 2935,-1000,-130,180,0.0,0.0,0,117.709,100 
LinearMotion, 2915,-1000,-80,180,0.0,0.0,0,200,100 
LinearMotion, 2935,-1000,-30,180,0.0,0.0,0,131.521,100 
LinearMotion, 2920,-1000,20,180,0.0,0.0,0,190.092,100 
LinearMotion, 2920,-950,20,180,0.0,0.0,0,194.598,100 
LinearMotion, 2930,-950,-30,180,0.0,0.0,0,148.851,100 
LinearMotion, 2920,-950,-80,180,0.0,0.0,0,176.37,100 
LinearMotion, 2930,-950,-130,180,0.0,0.0,0,129.233,100 
LinearMotion, 2920,-950,-180,180,0.0,0.0,0,156.704,100 
LinearMotion, 2930,-950,-230,180,0.0,0.0,0,110.955,100 
LinearMotion, 2920,-950,-280,180,0.0,0.0,0,141.284,100 
LinearMotion, 2930,-950,-330,180,0.0,0.0,0,100.068,100 
LinearMotion, 2920,-950,-380,180,0.0,0.0,0,136.857,100 
LinearMotion, 2915,-1000,-380,180,0.0,0.0,0,118.493,100 
LinearMotion, 2915,-1050,-380,180,0.0,0.0,0,130.188,100 
LinearMotion, 2915,-1100,-380,180,0.0,0.0,0,146.774,100 
LinearMotion, 2915,-1150,-380,180,0.0,0.0,0,147.682,100 
LinearMotion, 2910,-1200,-380,180,0.0,0.0,0,133.457,100 
LinearMotion, 2910,-1250,-380,180,0.0,0.0,0,74.6383,100 
LinearMotion, 2900,-1300,-380,180,0.0,0.0,0,69.6431,100 
LinearMotion, 2905,-1350,-380,180,0.0,0.0,0,45.7406,100 
LinearMotion, 2900,-1350,-330,180,0.0,0.0,0,47.1666,100 
LinearMotion, 2890,-1300,-330,180,0.0,0.0,0,77.8897,100 
LinearMotion, 2890,-1250,-330,180,0.0,0.0,0,129.575,100 
LinearMotion, 2915,-1200,-330,180,0.0,0.0,0,90.0223,100 
LinearMotion, 2915,-1150,-330,180,0.0,0.0,0,142.875,100 
LinearMotion, 2920,-1100,-330,180,0.0,0.0,0,133.35,100 
LinearMotion, 2915,-1050,-330,180,0.0,0.0,0,143.386,100 
LinearMotion, 2925,-1000,-330,180,0.0,0.0,0,85.5739,100 
LinearMotion, 2925,-950,-330,180,0.0,0.0,0,91.9766,100 
LinearMotion, 2915,-950,-280,180,0.0,0.0,0,140.837,100 
LinearMotion, 2915,-1000,-280,180,0.0,0.0,0,142.095,100 
LinearMotion, 2910,-1050,-280,180,0.0,0.0,0,177.677,100 
LinearMotion, 2910,-1100,-280,180,0.0,0.0,0,182.542,100 
LinearMotion, 2910,-1150,-280,180,0.0,0.0,0,153.452,100 
LinearMotion, 2895,-1200,-280,180,0.0,0.0,0,149.444,100 
LinearMotion, 2885,-1250,-280,180,0.0,0.0,0,113.126,100 
LinearMotion, 2880,-1300,-280,180,0.0,0.0,0,85.4996,100 
LinearMotion, 2880,-1350,-280,180,0.0,0.0,0,118.648,100 
LinearMotion, 2880,-1350,-230,180,0.0,0.0,0,106.069,100 
LinearMotion, 2865,-1300,-230,180,0.0,0.0,0,117.042,100 
LinearMotion, 2875,-1250,-230,180,0.0,0.0,0,113.927,100 
LinearMotion, 2900,-1200,-230,180,0.0,0.0,0,91.8822,100 
LinearMotion, 2910,-1150,-230,180,0.0,0.0,0,134.876,100 
LinearMotion, 2915,-1100,-230,180,0.0,0.0,0,161.021,100 
LinearMotion, 2915,-1050,-230,180,0.0,0.0,0,166.126,100 
LinearMotion, 2925,-1000,-230,180,0.0,0.0,0,110.957,100 
LinearMotion, 2930,-950,-230,180,0.0,0.0,0,82.8671,100 
LinearMotion, 2920,-950,-180,180,0.0,0.0,0,137.101,100 
LinearMotion, 2915,-1000,-180,180,0.0,0.0,0,167.527,100 
LinearMotion, 2910,-1050,-180,180,0.0,0.0,0,196.006,100 
LinearMotion, 2910,-1100,-180,180,0.0,0.0,0,177.507,100 
LinearMotion, 2900,-1150,-180,180,0.0,0.0,0,152.507,100 
LinearMotion, 2885,-1200,-180,180,0.0,0.0,0,115.501,100 
LinearMotion, 2865,-1250,-180,180,0.0,0.0,0,111.504,100 
LinearMotion, 2865,-1300,-180,180,0.0,0.0,0,87.1819,100 
LinearMotion, 2885,-1350,-180,180,0.0,0.0,0,75.573,100 
LinearMotion, 2875,-1350,-130,180,0.0,0.0,0,114.629,100 
LinearMotion, 2860,-1300,-130,180,0.0,0.0,0,85.0143,100 
LinearMotion, 2855,-1250,-130,180,0.0,0.0,0,107.686,100 
LinearMotion, 2870,-1200,-130,180,0.0,0.0,0,132.688,100 
LinearMotion, 2900,-1150,-130,180,0.0,0.0,0,117.843,100 
LinearMotion, 2920,-1100,-130,180,0.0,0.0,0,120.329,100 
LinearMotion, 2920,-1050,-130,180,0.0,0.0,0,156.315,100 
LinearMotion, 2930,-1000,-130,180,0.0,0.0,0,112.889,100 
LinearMotion, 2930,-950,-130,180,0.0,0.0,0,104.536,100 
LinearMotion, 2920,-950,-80,180,0.0,0.0,0,160.415,100 
LinearMotion, 2915,-1000,-80,180,0.0,0.0,0,188.428,100 
LinearMotion, 2910,-1050,-80,180,0.0,0.0,0,200,100 
LinearMotion, 2905,-1100,-80,180,0.0,0.0,0,165.272,100 
LinearMotion, 2885,-1150,-80,180,0.0,0.0,0,140.755,100 
LinearMotion, 2855,-1200,-80,180,0.0,0.0,0,144.118,100 
LinearMotion, 2850,-1250,-80,180,0.0,0.0,0,84.5748,100 
LinearMotion, 2845,-1300,-80,180,0.0,0.0,0,131.753,100 
LinearMotion, 2870,-1350,-80,180,0.0,0.0,0,134.268,100 
LinearMotion, 2875,-1350,-30,180,0.0,0.0,0,111.918,100 
LinearMotion, 2840,-1300,-30,180,0.0,0.0,0,139.16,100 
LinearMotion, 2840,-1250,-30,180,0.0,0.0,0,89.0209,100 
LinearMotion, 2845,-1200,-30,180,0.0,0.0,0,129.914,100 
LinearMotion, 2875,-1150,-30,180,0.0,0.0,0,133.285,100 
LinearMotion, 2910,-1100,-30,180,0.0,0.0,0,113.172,100 
LinearMotion, 2920,-1050,-30,180,0.0,0.0,0,149.876,100 
LinearMotion, 2935,-1000,-30,180,0.0,0.0,0,107.248,100 
LinearMotion, 2930,-950,-30,180,0.0,0.0,0,127.792,100 
LinearMotion, 2920,-950,20,180,0.0,0.0,0,182.024,100 
LinearMotion, 2920,-1000,20,180,0.0,0.0,0,176.682,100 
LinearMotion, 2920,-1050,20,180,0.0,0.0,0,136.348,100 
LinearMotion, 2910,-1100,20,180,0.0,0.0,0,73.6777,100 
LinearMotion, 2880,-1150,20,180,0.0,0.0,0,52.0377,100 
LinearMotion, 2850,-1200,20,180,0.0,0.0,0,48.6568,100 
LinearMotion, 2845,-1250,20,180,0.0,0.0,0,34.6548,100 
LinearMotion, 2850,-1300,20,180,0.0,0.0,0,84.5329,100 
LinearMotion, 2895,-1350,20,180,0.0,0.0,0,25,100 
LinearMotion, 2865,-1350,-30,180,0.0,0.0,0,119.335,100 
LinearMotion, 2865,-1350,-80,180,0.0,0.0,0,119.744,100 
LinearMotion, 2870,-1350,-130,180,0.0,0.0,0,95.7659,100 
LinearMotion, 2875,-1350,-180,180,0.0,0.0,0,74.9593,100 
LinearMotion, 2870,-1350,-230,180,0.0,0.0,0,112.194,100 
LinearMotion, 2870,-1350,-280,180,0.0,0.0,0,127.551,100 
LinearMotion, 2875,-1350,-330,180,0.0,0.0,0,120.914,100 
LinearMotion, 2895,-1350,-380,180,0.0,0.0,0,38.5353,100 
LinearMotion, 2890,-1300,-380,180,0.0,0.0,0,67.7191,100 
LinearMotion, 2875,-1300,-330,180,0.0,0.0,0,104.667,100 
LinearMotion, 2865,-1300,-280,180,0.0,0.0,0,113.958,100 
LinearMotion, 2860,-1300,-230,180,0.0,0.0,0,98.7115,100 
LinearMotion, 2855,-1300,-180,180,0.0,0.0,0,89.1333,100 
LinearMotion, 2845,-1300,-130,180,0.0,0.0,0,113.366,100 
LinearMotion, 2835,-1300,-80,180,0.0,0.0,0,143.553,100 
LinearMotion, 2835,-1300,-30,180,0.0,0.0,0,125.717,100 
LinearMotion, 2840,-1300,20,180,0.0,0.0,0,85.899,100 
LinearMotion, 2835,-1250,20,180,0.0,0.0,0,25,100 
LinearMotion, 2830,-1250,-30,180,0.0,0.0,0,91.3786,100 
LinearMotion, 2835,-1250,-80,180,0.0,0.0,0,112.829,100 
LinearMotion, 2850,-1250,-130,180,0.0,0.0,0,87.2892,100 
LinearMotion, 2855,-1250,-180,180,0.0,0.0,0,118.829,100 
LinearMotion, 2870,-1250,-230,180,0.0,0.0,0,94.9081,100 
LinearMotion, 2880,-1250,-280,180,0.0,0.0,0,93.9312,100 
LinearMotion, 2880,-1250,-330,180,0.0,0.0,0,140.894,100 
LinearMotion, 2895,-1250,-380,180,0.0,0.0,0,100.697,100 
LinearMotion, 2910,-1200,-380,180,0.0,0.0,0,91.8749,100 
LinearMotion, 2905,-1200,-330,180,0.0,0.0,0,92.6012,100 
LinearMotion, 2890,-1200,-280,180,0.0,0.0,0,138.274,100 
LinearMotion, 2890,-1200,-230,180,0.0,0.0,0,94.8721,100 
LinearMotion, 2880,-1200,-180,180,0.0,0.0,0,96.8302,100 
LinearMotion, 2855,-1200,-130,180,0.0,0.0,0,171.574,100 
LinearMotion, 2845,-1200,-80,180,0.0,0.0,0,158.65,100 
LinearMotion, 2830,-1200,-30,180,0.0,0.0,0,168.187,100 
LinearMotion, 2840,-1200,20,180,0.0,0.0,0,42.0958,100 
LinearMotion, 2865,-1150,20,180,0.0,0.0,0,73.103,100 
LinearMotion, 2860,-1150,-30,180,0.0,0.0,0,172.302,100 
LinearMotion, 2870,-1150,-80,180,0.0,0.0,0,181.423,100 
LinearMotion, 2885,-1150,-130,180,0.0,0.0,0,153.449,100 
LinearMotion, 2900,-1150,-180,180,0.0,0.0,0,115.134,100 
LinearMotion, 2900,-1150,-230,180,0.0,0.0,0,147.366,100 
LinearMotion, 2900,-1150,-280,180,0.0,0.0,0,170.046,100 
LinearMotion, 2910,-1150,-330,180,0.0,0.0,0,130.253,100 
LinearMotion, 2910,-1150,-380,180,0.0,0.0,0,136.122,100 
LinearMotion, 2915,-1100,-380,180,0.0,0.0,0,108.134,100 
LinearMotion, 2920,-1100,-330,180,0.0,0.0,0,91.7441,100 
LinearMotion, 2905,-1100,-280,180,0.0,0.0,0,178.685,100 
LinearMotion, 2910,-1100,-230,180,0.0,0.0,0,152.409,100 
LinearMotion, 2910,-1100,-180,180,0.0,0.0,0,145.658,100 
LinearMotion, 2910,-1100,-130,180,0.0,0.0,0,129.605,100 
LinearMotion, 2900,-1100,-80,180,0.0,0.0,0,157.598,100 
LinearMotion, 2900,-1100,-30,180,0.0,0.0,0,120.867,100 
LinearMotion, 2905,-1100,20,180,0.0,0.0,0,45.766,100 
LinearMotion, 2915,-1050,20,180,0.0,0.0,0,122.284,100 
LinearMotion, 2915,-1050,-30,180,0.0,0.0,0,138.801,100 
LinearMotion, 2905,-1050,-80,180,0.0,0.0,0,200,100 
LinearMotion, 2915,-1050,-130,180,0.0,0.0,0,146.662,100 
LinearMotion, 2910,-1050,-180,180,0.0,0.0,0,168.244,100 
LinearMotion, 2910,-1050,-230,180,0.0,0.0,0,158.641,100 
LinearMotion, 2910,-1050,-280,180,0.0,0.0,0,145.865,100 
LinearMotion, 2910,-1050,-330,180,0.0,0.0,0,130.877,100 
LinearMotion, 2910,-1050,-380,180,0.0,0.0,0,114.763,100 
LinearMotion, 2915,-1000,-380,180,0.0,0.0,0,73.6043,100 
LinearMotion, 2915,-1000,-330,180,0.0,0.0,0,87.1699,100 
LinearMotion, 2910,-1000,-280,180,0.0,0.0,0,129.301,100 
LinearMotion, 2915,-1000,-230,180,0.0,0.0,0,118.162,100 
LinearMotion, 2910,-1000,-180,180,0.0,0.0,0,160.352,100 
LinearMotion, 2925,-1000,-130,180,0.0,0.0,0,93.6419,100 
LinearMotion, 2910,-1000,-80,180,0.0,0.0,0,185.871,100 
LinearMotion, 2930,-1000,-30,180,0.0,0.0,0,86.7533,100 
LinearMotion, 2920,-1000,20,180,0.0,0.0,0,144.651,100 
LinearMotion, 2920,-950,20,180,0.0,0.0,0,151.173,100 
LinearMotion, 2930,-950,-30,180,0.0,0.0,0,84.9584,100 
LinearMotion, 2920,-950,-80,180,0.0,0.0,0,124.79,100 
LinearMotion, 2930,-950,-130,180,0.0,0.0,0,56.5635,100 
LinearMotion, 2915,-950,-180,180,0.0,0.0,0,123.204,100 
LinearMotion, 2925,-950,-230,180,0.0,0.0,0,56.9858,100 
LinearMotion, 2915,-950,-280,180,0.0,0.0,0,100.885,100 
LinearMotion, 2925,-950,-330,180,0.0,0.0,0,41.2289,100 
LinearMotion, 2920,-950,-380,180,0.0,0.0,0,67.5976,100 
LinearMotion, 2905,-1000,-380,180,0.0,0.0,0,86.7092,100 
LinearMotion, 2900,-1050,-380,180,0.0,0.0,0,128.765,100 
LinearMotion, 2910,-1100,-380,180,0.0,0.0,0,94.5267,100 
LinearMotion, 2905,-1150,-380,180,0.0,0.0,0,123.125,100 
LinearMotion, 2895,-1200,-380,180,0.0,0.0,0,132.843,100 
LinearMotion, 2885,-1250,-380,180,0.0,0.0,0,114.393,100 
LinearMotion, 2880,-1300,-380,180,0.0,0.0,0,80.6956,100 
LinearMotion, 2880,-1350,-380,180,0.0,0.0,0,78.3408,100 
LinearMotion, 2870,-1350,-330,180,0.0,0.0,0,107.585,100 
LinearMotion, 2865,-1300,-330,180,0.0,0.0,0,118.449,100 
LinearMotion, 2875,-1250,-330,180,0.0,0.0,0,128.001,100 
LinearMotion, 2895,-1200,-330,180,0.0,0.0,0,106.12,100 
LinearMotion, 2900,-1150,-330,180,0.0,0.0,0,144.593,100 
LinearMotion, 2905,-1100,-330,180,0.0,0.0,0,132.71,100 
LinearMotion, 2905,-1050,-330,180,0.0,0.0,0,117.765,100 
LinearMotion, 2910,-1000,-330,180,0.0,0.0,0,73.1053,100 
LinearMotion, 2920,-950,-330,180,0.0,0.0,0,26.1626,100 
LinearMotion, 2910,-950,-280,180,0.0,0.0,0,87.1196,100 
LinearMotion, 2905,-1000,-280,180,0.0,0.0,0,116.155,100 
LinearMotion, 2900,-1050,-280,180,0.0,0.0,0,160.546,100 
LinearMotion, 2895,-1100,-280,180,0.0,0.0,0,194.081,100 
LinearMotion, 2890,-1150,-280,180,0.0,0.0,0,185.254,100 
LinearMotion, 2885,-1200,-280,180,0.0,0.0,0,125.323,100 
LinearMotion, 2865,-1250,-280,180,0.0,0.0,0,134.945,100 
LinearMotion, 2855,-1300,-280,180,0.0,0.0,0,127.943,100 
LinearMotion, 2865,-1350,-280,180,0.0,0.0,0,114.367,100 
LinearMotion, 2865,-1350,-230,180,0.0,0.0,0,98.6747,100 
LinearMotion, 2855,-1300,-230,180,0.0,0.0,0,84.8985,100 
LinearMotion, 2860,-1250,-230,180,0.0,0.0,0,108.477,100 
LinearMotion, 2880,-1200,-230,180,0.0,0.0,0,108.441,100 
LinearMotion, 2890,-1150,-230,180,0.0,0.0,0,162.079,100 
LinearMotion, 2900,-1100,-230,180,0.0,0.0,0,167.232,100 
LinearMotion, 2905,-1050,-230,180,0.0,0.0,0,146.135,100 
LinearMotion, 2910,-1000,-230,180,0.0,0.0,0,104.773,100 
LinearMotion, 2920,-950,-230,180,0.0,0.0,0,42.263,100 
LinearMotion, 2915,-950,-180,180,0.0,0.0,0,82.4593,100 
LinearMotion, 2905,-1000,-180,180,0.0,0.0,0,147.883,100 
LinearMotion, 2900,-1050,-180,180,0.0,0.0,0,183.413,100 
LinearMotion, 2905,-1100,-180,180,0.0,0.0,0,132.869,100 
LinearMotion, 2890,-1150,-180,180,0.0,0.0,0,129.144,100 
LinearMotion, 2875,-1200,-180,180,0.0,0.0,0,82.9762,100 
LinearMotion, 2855,-1250,-180,180,0.0,0.0,0,77.9897,100 
LinearMotion, 2845,-1300,-180,180,0.0,0.0,0,102.577,100 
LinearMotion, 2870,-1350,-180,180,0.0,0.0,0,60.6285,100 
LinearMotion, 2855,-1350,-130,180,0.0,0.0,0,136.819,100 
LinearMotion, 2845,-1300,-130,180,0.0,0.0,0,72.4072,100 
LinearMotion, 2845,-1250,-130,180,0.0,0.0,0,73.2272,100 
LinearMotion, 2855,-1200,-130,180,0.0,0.0,0,131.884,100 
LinearMotion, 2885,-1150,-130,180,0.0,0.0,0,113.364,100 
LinearMotion, 2900,-1100,-130,180,0.0,0.0,0,143.931,100 
LinearMotion, 2910,-1050,-130,180,0.0,0.0,0,133.895,100 
LinearMotion, 2920,-1000,-130,180,0.0,0.0,0,79.7183,100 
LinearMotion, 2925,-950,-130,180,0.0,0.0,0,41.8316,100 
LinearMotion, 2915,-950,-80,180,0.0,0.0,0,111.545,100 
LinearMotion, 2910,-1000,-80,180,0.0,0.0,0,146.493,100 
LinearMotion, 2905,-1050,-80,180,0.0,0.0,0,160.93,100 
LinearMotion, 2885,-1100,-80,180,0.0,0.0,0,200,100 
LinearMotion, 2875,-1150,-80,180,0.0,0.0,0,114.483,100 
LinearMotion, 2840,-1200,-80,180,0.0,0.0,0,146.144,100 
LinearMotion, 2830,-1250,-80,180,0.0,0.0,0,99.3242,100 
LinearMotion, 2825,-1300,-80,180,0.0,0.0,0,158.183,100 
LinearMotion, 2860,-1350,-80,180,0.0,0.0,0,106.39,100 
LinearMotion, 2860,-1350,-30,180,0.0,0.0,0,105.972,100 
LinearMotion, 2825,-1300,-30,180,0.0,0.0,0,139.958,100 
LinearMotion, 2820,-1250,-30,180,0.0,0.0,0,104.871,100 
LinearMotion, 2830,-1200,-30,180,0.0,0.0,0,128.424,100 
LinearMotion, 2855,-1150,-30,180,0.0,0.0,0,160.093,100 
LinearMotion, 2885,-1100,-30,180,0.0,0.0,0,162.467,100 
LinearMotion, 2905,-1050,-30,180,0.0,0.0,0,153.327,100 
LinearMotion, 2920,-1000,-30,180,0.0,0.0,0,100.145,100 
LinearMotion, 2925,-950,-30,180,0.0,0.0,0,70.8455,100 
LinearMotion, 2920,-950,20,180,0.0,0.0,0,111.038,100 
LinearMotion, 2920,-1000,20,180,0.0,0.0,0,104.374,100 
LinearMotion, 2915,-1050,20,180,0.0,0.0,0,81.5193,100 
LinearMotion, 2895,-1100,20,180,0.0,0.0,0,58.2639,100 
LinearMotion, 2855,-1150,20,180,0.0,0.0,0,86.197,100 
LinearMotion, 2830,-1200,20,180,0.0,0.0,0,54.5137,100 
LinearMotion, 2825,-1250,20,180,0.0,0.0,0,37.0451,100 
LinearMotion, 2830,-1300,20,180,0.0,0.0,0,99.2719,100 
LinearMotion, 2875,-1350,20,180,0.0,0.0,0,25,100 
LinearMotion, 2850,-1350,-30,180,0.0,0.0,0,121.887,100 
LinearMotion, 2855,-1350,-80,180,0.0,0.0,0,90.1468,100 
LinearMotion, 2850,-1350,-130,180,0.0,0.0,0,125.856,100 
LinearMotion, 2855,-1350,-180,180,0.0,0.0,0,100.907,100 
LinearMotion, 2855,-1350,-230,180,0.0,0.0,0,113.324,100 
LinearMotion, 2855,-1350,-280,180,0.0,0.0,0,131.739,100 
LinearMotion, 2865,-1350,-330,180,0.0,0.0,0,91.5496,100 
LinearMotion, 2880,-1350,-380,180,0.0,0.0,0,25,100 
LinearMotion, 2865,-1300,-380,180,0.0,0.0,0,124.456,100 
LinearMotion, 2860,-1300,-330,180,0.0,0.0,0,104.299,100 
LinearMotion, 2850,-1300,-280,180,0.0,0.0,0,115.44,100 
LinearMotion, 2845,-1300,-230,180,0.0,0.0,0,97.1575,100 
LinearMotion, 2835,-1300,-180,180,0.0,0.0,0,117.903,100 
LinearMotion, 2830,-1300,-130,180,0.0,0.0,0,114.73,100 
LinearMotion, 2820,-1300,-80,180,0.0,0.0,0,150.927,100 
LinearMotion, 2815,-1300,-30,180,0.0,0.0,0,161.771,100 
LinearMotion, 2820,-1300,20,180,0.0,0.0,0,114.025,100 
LinearMotion, 2815,-1250,20,180,0.0,0.0,0,41.0008,100 
LinearMotion, 2810,-1250,-30,180,0.0,0.0,0,120.596,100 
LinearMotion, 2820,-1250,-80,180,0.0,0.0,0,114.086,100 
LinearMotion, 2835,-1250,-130,180,0.0,0.0,0,83.461,100 
LinearMotion, 2840,-1250,-180,180,0.0,0.0,0,121.281,100 
LinearMotion, 2855,-1250,-230,180,0.0,0.0,0,92.5968,100 
LinearMotion, 2860,-1250,-280,180,0.0,0.0,0,123.656,100 
LinearMotion, 2865,-1250,-330,180,0.0,0.0,0,147.739,100 
LinearMotion, 2875,-1250,-380,180,0.0,0.0,0,131.77,100 
LinearMotion, 2895,-1200,-380,180,0.0,0.0,0,88.9597,100 
LinearMotion, 2885,-1200,-330,180,0.0,0.0,0,122.062,100 
LinearMotion, 2875,-1200,-280,180,0.0,0.0,0,144.597,100 
LinearMotion, 2870,-1200,-230,180,0.0,0.0,0,124.785,100 
LinearMotion, 2850,-1200,-180,180,0.0,0.0,0,191.594,100 
LinearMotion, 2845,-1200,-130,180,0.0,0.0,0,152.296,100 
LinearMotion, 2830,-1200,-80,180,0.0,0.0,0,169.03,100 
LinearMotion, 2820,-1200,-30,180,0.0,0.0,0,148.235,100 
LinearMotion, 2820,-1200,20,180,0.0,0.0,0,61.5004,100 
LinearMotion, 2850,-1150,20,180,0.0,0.0,0,66.4503,100 
LinearMotion, 2845,-1150,-30,180,0.0,0.0,0,185.4,100 
LinearMotion, 2860,-1150,-80,180,0.0,0.0,0,164.106,100 
LinearMotion, 2870,-1150,-130,180,0.0,0.0,0,162.793,100 
LinearMotion, 2880,-1150,-180,180,0.0,0.0,0,149.08,100 
LinearMotion, 2880,-1150,-230,180,0.0,0.0,0,187.73,100 
LinearMotion, 2885,-1150,-280,180,0.0,0.0,0,182.695,100 
LinearMotion, 2895,-1150,-330,180,0.0,0.0,0,134.978,100 
LinearMotion, 2905,-1150,-380,180,0.0,0.0,0,77.5549,100 
LinearMotion, 2905,-1100,-380,180,0.0,0.0,0,76.2254,100 
LinearMotion, 2900,-1100,-330,180,0.0,0.0,0,121.034,100 
LinearMotion, 2890,-1100,-280,180,0.0,0.0,0,193.054,100 
LinearMotion, 2895,-1100,-230,180,0.0,0.0,0,161.546,100 
LinearMotion, 2895,-1100,-180,180,0.0,0.0,0,153.451,100 
LinearMotion, 2890,-1100,-130,180,0.0,0.0,0,166.433,100 
LinearMotion, 2880,-1100,-80,180,0.0,0.0,0,200,100 
LinearMotion, 2880,-1100,-30,180,0.0,0.0,0,155.955,100 
LinearMotion, 2890,-1100,20,180,0.0,0.0,0,33.6704,100 
LinearMotion, 2910,-1050,20,180,0.0,0.0,0,60.961,100 
LinearMotion, 2900,-1050,-30,180,0.0,0.0,0,145.229,100 
LinearMotion, 2900,-1050,-80,180,0.0,0.0,0,154.151,100 
LinearMotion, 2900,-1050,-130,180,0.0,0.0,0,154.655,100 
LinearMotion, 2895,-1050,-180,180,0.0,0.0,0,180.535,100 
LinearMotion, 2900,-1050,-230,180,0.0,0.0,0,136.788,100 
LinearMotion, 2900,-1050,-280,180,0.0,0.0,0,121.469,100 
LinearMotion, 2895,-1050,-330,180,0.0,0.0,0,135.727,100 
LinearMotion, 2900,-1050,-380,180,0.0,0.0,0,84.1741,100 
LinearMotion, 2895,-1000,-380,180,0.0,0.0,0,99.2824,100 
LinearMotion, 2895,-1000,-330,180,0.0,0.0,0,115.549,100 
LinearMotion, 2895,-1000,-280,180,0.0,0.0,0,133.837,100 
LinearMotion, 2900,-1000,-230,180,0.0,0.0,0,120.481,100 
LinearMotion, 2900,-1000,-180,180,0.0,0.0,0,138.84,100 
LinearMotion, 2900,-1000,-130,180,0.0,0.0,0,155.54,100 
LinearMotion, 2905,-1000,-80,180,0.0,0.0,0,137.209,100 
LinearMotion, 2905,-1000,-30,180,0.0,0.0,0,147.28,100 
LinearMotion, 2915,-1000,20,180,0.0,0.0,0,87.7812,100 
LinearMotion, 2920,-950,20,180,0.0,0.0,0,63.3709,100 
LinearMotion, 2920,-950,-30,180,0.0,0.0,0,48.4351,100 
LinearMotion, 2910,-950,-80,180,0.0,0.0,0,96.1967,100 
LinearMotion, 2915,-950,-130,180,0.0,0.0,0,46.6177,100 
LinearMotion, 2905,-950,-180,180,0.0,0.0,0,94.2951,100 
LinearMotion, 2910,-950,-230,180,0.0,0.0,0,47.1241,100 
LinearMotion, 2905,-950,-280,180,0.0,0.0,0,67.533,100 
LinearMotion, 2905,-950,-330,180,0.0,0.0,0,60.4609,100 
LinearMotion, 2905,-950,-380,180,0.0,0.0,0,59.8488,100 
LinearMotion, 2895,-1000,-380,180,0.0,0.0,0,66.7913,100 
LinearMotion, 2890,-1050,-380,180,0.0,0.0,0,121.382,100 
LinearMotion, 2895,-1100,-380,180,0.0,0.0,0,112.59,100 
LinearMotion, 2895,-1150,-380,180,0.0,0.0,0,114.06,100 
LinearMotion, 2890,-1200,-380,180,0.0,0.0,0,91.0244,100 
LinearMotion, 2875,-1250,-380,180,0.0,0.0,0,102.726,100 
LinearMotion, 2860,-1300,-380,180,0.0,0.0,0,130.288,100 
LinearMotion, 2865,-1350,-380,180,0.0,0.0,0,91.5799,100 
LinearMotion, 2855,-1350,-330,180,0.0,0.0,0,129.54,100 
LinearMotion, 2845,-1300,-330,180,0.0,0.0,0,179.294,100 
LinearMotion, 2855,-1250,-330,180,0.0,0.0,0,191.692,100 
LinearMotion, 2880,-1200,-330,180,0.0,0.0,0,127.639,100 
LinearMotion, 2885,-1150,-330,180,0.0,0.0,0,177.578,100 
LinearMotion, 2895,-1100,-330,180,0.0,0.0,0,126.502,100 
LinearMotion, 2885,-1050,-330,180,0.0,0.0,0,178.405,100 
LinearMotion, 2885,-1000,-330,180,0.0,0.0,0,156.086,100 
LinearMotion, 2895,-950,-330,180,0.0,0.0,0,95.1525,100 
LinearMotion, 2895,-950,-280,180,0.0,0.0,0,102.975,100 
LinearMotion, 2885,-1000,-280,180,0.0,0.0,0,176.316,100 
LinearMotion, 2895,-1050,-280,180,0.0,0.0,0,126.983,100 
LinearMotion, 2890,-1100,-280,180,0.0,0.0,0,170.513,100 
LinearMotion, 2880,-1150,-280,180,0.0,0.0,0,194.706,100 
LinearMotion, 2870,-1200,-280,180,0.0,0.0,0,152.565,100 
LinearMotion, 2855,-1250,-280,180,0.0,0.0,0,129.403,100 
LinearMotion, 2845,-1300,-280,180,0.0,0.0,0,120.315,100 
LinearMotion, 2850,-1350,-280,180,0.0,0.0,0,138.344,100 
LinearMotion, 2850,-1350,-230,180,0.0,0.0,0,117.974,100 
LinearMotion, 2835,-1300,-230,180,0.0,0.0,0,135.743,100 
LinearMotion, 2845,-1250,-230,180,0.0,0.0,0,130.699,100 
LinearMotion, 2860,-1200,-230,180,0.0,0.0,0,166.302,100 
LinearMotion, 2880,-1150,-230,180,0.0,0.0,0,164.625,100 
LinearMotion, 2890,-1100,-230,180,0.0,0.0,0,171.313,100 
LinearMotion, 2890,-1050,-230,180,0.0,0.0,0,179.579,100 
LinearMotion, 2890,-1000,-230,180,0.0,0.0,0,161.542,100 
LinearMotion, 2900,-950,-230,180,0.0,0.0,0,80.4005,100 
LinearMotion, 2905,-950,-180,180,0.0,0.0,0,61.2748,100 
LinearMotion, 2890,-1000,-180,180,0.0,0.0,0,181.849,100 
LinearMotion, 2890,-1050,-180,180,0.0,0.0,0,192.317,100 
LinearMotion, 2885,-1100,-180,180,0.0,0.0,0,198.011,100 
LinearMotion, 2875,-1150,-180,180,0.0,0.0,0,157.525,100 
LinearMotion, 2850,-1200,-180,180,0.0,0.0,0,168.899,100 
LinearMotion, 2835,-1250,-180,180,0.0,0.0,0,126.775,100 
LinearMotion, 2830,-1300,-180,180,0.0,0.0,0,123.039,100 
LinearMotion, 2850,-1350,-180,180,0.0,0.0,0,104.24,100 
LinearMotion, 2840,-1350,-130,180,0.0,0.0,0,167.488,100 
LinearMotion, 2825,-1300,-130,180,0.0,0.0,0,119.529,100 
LinearMotion, 2830,-1250,-130,180,0.0,0.0,0,84.9422,100 
LinearMotion, 2840,-1200,-130,180,0.0,0.0,0,161.081,100 
LinearMotion, 2870,-1150,-130,180,0.0,0.0,0,137.041,100 
LinearMotion, 2890,-1100,-130,180,0.0,0.0,0,141.068,100 
LinearMotion, 2890,-1050,-130,180,0.0,0.0,0,199.342,100 
LinearMotion, 2895,-1000,-130,180,0.0,0.0,0,164.67,100 
LinearMotion, 2905,-950,-130,180,0.0,0.0,0,79.8404,100 
LinearMotion, 2910,-950,-80,180,0.0,0.0,0,63.3782,100 
LinearMotion, 2900,-1000,-80,180,0.0,0.0,0,144.394,100 
LinearMotion, 2895,-1050,-80,180,0.0,0.0,0,163.133,100 
LinearMotion, 2865,-1100,-80,180,0.0,0.0,0,200,100 
LinearMotion, 2860,-1150,-80,180,0.0,0.0,0,138.494,100 
LinearMotion, 2820,-1200,-80,180,0.0,0.0,0,200,100 
LinearMotion, 2810,-1250,-80,180,0.0,0.0,0,154.468,100 
LinearMotion, 2810,-1300,-80,180,0.0,0.0,0,195.219,100 
LinearMotion, 2840,-1350,-80,180,0.0,0.0,0,163.64,100 
LinearMotion, 2840,-1350,-30,180,0.0,0.0,0,163.097,100 
LinearMotion, 2810,-1300,-30,180,0.0,0.0,0,171.562,100 
LinearMotion, 2800,-1250,-30,180,0.0,0.0,0,161.668,100 
LinearMotion, 2815,-1200,-30,180,0.0,0.0,0,156.59,100 
LinearMotion, 2840,-1150,-30,180,0.0,0.0,0,197.698,100 
LinearMotion, 2865,-1100,-30,180,0.0,0.0,0,200,100 
LinearMotion, 2890,-1050,-30,180,0.0,0.0,0,188.915,100 
LinearMotion, 2900,-1000,-30,180,0.0,0.0,0,155.534,100 
LinearMotion, 2910,-950,-30,180,0.0,0.0,0,81.8507,100 
LinearMotion, 2915,-950,20,180,0.0,0.0,0,62.7202,100 
LinearMotion, 2915,-1000,20,180,0.0,0.0,0,54.0696,100 
LinearMotion, 2905,-1050,20,180,0.0,0.0,0,60.0545,100 
LinearMotion, 2880,-1100,20,180,0.0,0.0,0,65.5192,100 
LinearMotion, 2845,-1150,20,180,0.0,0.0,0,66.1264,100 
LinearMotion, 2820,-1200,20,180,0.0,0.0,0,25,100 
LinearMotion, 2810,-1250,20,180,0.0,0.0,0,37.9763,100 
LinearMotion, 2810,-1300,20,180,0.0,0.0,0,154.401,100 
LinearMotion, 2855,-1350,20,180,0.0,0.0,0,57.9923,100 
LinearMotion, 2835,-1350,-30,180,0.0,0.0,0,198.405,100 
LinearMotion, 2835,-1350,-80,180,0.0,0.0,0,199.096,100 
LinearMotion, 2835,-1350,-130,180,0.0,0.0,0,200,100 
LinearMotion, 2845,-1350,-180,180,0.0,0.0,0,123.375,100 
LinearMotion, 2840,-1350,-230,180,0.0,0.0,0,186.33,100 
LinearMotion, 2840,-1350,-280,180,0.0,0.0,0,200,100 
LinearMotion, 2855,-1350,-330,180,0.0,0.0,0,110.18,100 
LinearMotion, 2865,-1350,-380,180,0.0,0.0,0,61.7895,100 
LinearMotion, 2860,-1300,-380,180,0.0,0.0,0,111.133,100 
LinearMotion, 2835,-1300,-330,180,0.0,0.0,0,200,100 
LinearMotion, 2835,-1300,-280,180,0.0,0.0,0,189.314,100 
LinearMotion, 2825,-1300,-230,180,0.0,0.0,0,200,100 
LinearMotion, 2825,-1300,-180,180,0.0,0.0,0,147.34,100 
LinearMotion, 2820,-1300,-130,180,0.0,0.0,0,142.865,100 
LinearMotion, 2805,-1300,-80,180,0.0,0.0,0,200,100 
LinearMotion, 2800,-1300,-30,180,0.0,0.0,0,200,100 
LinearMotion, 2810,-1300,20,180,0.0,0.0,0,141.871,100 
LinearMotion, 2800,-1250,20,180,0.0,0.0,0,84.3512,100 
LinearMotion, 2795,-1250,-30,180,0.0,0.0,0,196.583,100 
LinearMotion, 2810,-1250,-80,180,0.0,0.0,0,141.958,100 
LinearMotion, 2815,-1250,-130,180,0.0,0.0,0,189.669,100 
LinearMotion, 2825,-1250,-180,180,0.0,0.0,0,197.549,100 
LinearMotion, 2840,-1250,-230,180,0.0,0.0,0,157.104,100 
LinearMotion, 2850,-1250,-280,180,0.0,0.0,0,155.452,100 
LinearMotion, 2845,-1250,-330,180,0.0,0.0,0,200,100 
LinearMotion, 2865,-1250,-380,180,0.0,0.0,0,166.892,100 
LinearMotion, 2875,-1200,-380,180,0.0,0.0,0,197.422,100 
LinearMotion, 2870,-1200,-330,180,0.0,0.0,0,198.65,100 
LinearMotion, 2855,-1200,-280,180,0.0,0.0,0,200,100 
LinearMotion, 2855,-1200,-230,180,0.0,0.0,0,200,100 
LinearMotion, 2840,-1200,-180,180,0.0,0.0,0,200,100 
LinearMotion, 2830,-1200,-130,180,0.0,0.0,0,200,100 
LinearMotion, 2815,-1200,-80,180,0.0,0.0,0,200,100 
LinearMotion, 2795,-1200,-30,180,0.0,0.0,0,200,100 
LinearMotion, 2805,-1200,20,180,0.0,0.0,0,113.256,100 
LinearMotion, 2830,-1150,20,180,0.0,0.0,0,165.683,100 
LinearMotion, 2830,-1150,-30,180,0.0,0.0,0,200,100 
LinearMotion, 2845,-1150,-80,180,0.0,0.0,0,200,100 
LinearMotion, 2855,-1150,-130,180,0.0,0.0,0,200,100 
LinearMotion, 2870,-1150,-180,180,0.0,0.0,0,191.301,100 
LinearMotion, 2870,-1150,-230,180,0.0,0.0,0,200,100 
LinearMotion, 2870,-1150,-280,180,0.0,0.0,0,200,100 
LinearMotion, 2880,-1150,-330,180,0.0,0.0,0,200,100 
LinearMotion, 2890,-1150,-380,180,0.0,0.0,0,135.894,100 
LinearMotion, 2890,-1100,-380,180,0.0,0.0,0,134.019,100 
LinearMotion, 2885,-1100,-330,180,0.0,0.0,0,197.201,100 
LinearMotion, 2885,-1100,-280,180,0.0,0.0,0,200,100 
LinearMotion, 2885,-1100,-230,180,0.0,0.0,0,200,100 
LinearMotion, 2885,-1100,-180,180,0.0,0.0,0,197.464,100 
LinearMotion, 2885,-1100,-130,180,0.0,0.0,0,170.322,100 
LinearMotion, 2865,-1100,-80,180,0.0,0.0,0,200,100 
LinearMotion, 2860,-1100,-30,180,0.0,0.0,0,200,100 
LinearMotion, 2875,-1100,20,180,0.0,0.0,0,74.015,100 
LinearMotion, 2895,-1050,20,180,0.0,0.0,0,112.496,100 
LinearMotion, 2880,-1050,-30,180,0.0,0.0,0,200,100 
LinearMotion, 2885,-1050,-80,180,0.0,0.0,0,200,100 
LinearMotion, 2885,-1050,-130,180,0.0,0.0,0,200,100 
LinearMotion, 2885,-1050,-180,180,0.0,0.0,0,200,100 
LinearMotion, 2885,-1050,-230,180,0.0,0.0,0,200,100 
LinearMotion, 2885,-1050,-280,180,0.0,0.0,0,197.814,100 
LinearMotion, 2880,-1050,-330,180,0.0,0.0,0,200,100 
LinearMotion, 2890,-1050,-380,180,0.0,0.0,0,99.7804,100 
LinearMotion, 2885,-1000,-380,180,0.0,0.0,0,121.084,100 
LinearMotion, 2880,-1000,-330,180,0.0,0.0,0,189.467,100 
LinearMotion, 2880,-1000,-280,180,0.0,0.0,0,200,100 
LinearMotion, 2885,-1000,-230,180,0.0,0.0,0,196.421,100 
LinearMotion, 2885,-1000,-180,180,0.0,0.0,0,200,100 
LinearMotion, 2885,-1000,-130,180,0.0,0.0,0,200,100 
LinearMotion, 2885,-1000,-80,180,0.0,0.0,0,200,100 
LinearMotion, 2890,-1000,-30,180,0.0,0.0,0,200,100 
LinearMotion, 2905,-1000,20,180,0.0,0.0,0,104.867,100 
LinearMotion, 2915,-950,20,180,0.0,0.0,0,25,100 
LinearMotion, 2905,-950,-30,180,0.0,0.0,0,94.834,100 
LinearMotion, 2900,-950,-80,180,0.0,0.0,0,116.733,100 
LinearMotion, 2900,-950,-130,180,0.0,0.0,0,92.2714,100 
LinearMotion, 2890,-950,-180,180,0.0,0.0,0,159.498,100 
LinearMotion, 2890,-950,-230,180,0.0,0.0,0,138.432,100 
LinearMotion, 2890,-950,-280,180,0.0,0.0,0,121.763,100 
LinearMotion, 2895,-950,-330,180,0.0,0.0,0,66.3438,100 
LinearMotion, 2895,-950,-380,180,0.0,0.0,0,65.4807,100 
LinearMotion, 2880,-1000,-380,180,0.0,0.0,0,135.017,100 
LinearMotion, 2880,-1050,-380,180,0.0,0.0,0,181.894,100 
LinearMotion, 2890,-1100,-380,180,0.0,0.0,0,71.8937,100 
LinearMotion, 2885,-1150,-380,180,0.0,0.0,0,163.772,100 
LinearMotion, 2875,-1200,-380,180,0.0,0.0,0,194.995,100 
LinearMotion, 2860,-1250,-380,180,0.0,0.0,0,200,100 
LinearMotion, 2855,-1300,-380,180,0.0,0.0,0,115.697,100 
LinearMotion, 2855,-1350,-380,180,0.0,0.0,0,108.131,100 
LinearMotion, 2845,-1350,-330,180,0.0,0.0,0,200,100 
LinearMotion, 2835,-1300,-330,180,0.0,0.0,0,200,100 
LinearMotion, 2840,-1250,-330,180,0.0,0.0,0,200,100 
LinearMotion, 2870,-1200,-330,180,0.0,0.0,0,197.38,100 
LinearMotion, 2875,-1150,-330,180,0.0,0.0,0,200,100 
LinearMotion, 2880,-1100,-330,180,0.0,0.0,0,200,100 
LinearMotion, 2875,-1050,-330,180,0.0,0.0,0,200,100 
LinearMotion, 2870,-1000,-330,180,0.0,0.0,0,200,100 
LinearMotion, 2885,-950,-330,180,0.0,0.0,0,116.974,100 
LinearMotion, 2885,-950,-280,180,0.0,0.0,0,136.335,100 
LinearMotion, 2875,-1000,-280,180,0.0,0.0,0,200,100 
LinearMotion, 2880,-1050,-280,180,0.0,0.0,0,200,100 
LinearMotion, 2880,-1100,-280,180,0.0,0.0,0,200,100 
LinearMotion, 2870,-1150,-280,180,0.0,0.0,0,200,100 
LinearMotion, 2855,-1200,-280,180,0.0,0.0,0,200,100 
LinearMotion, 2845,-1250,-280,180,0.0,0.0,0,200,100 
LinearMotion, 2830,-1300,-280,180,0.0,0.0,0,200,100 
LinearMotion, 2840,-1350,-280,180,0.0,0.0,0,200,100 
LinearMotion, 2835,-1350,-230,180,0.0,0.0,0,200,100 
LinearMotion, 2820,-1300,-230,180,0.0,0.0,0,200,100 
LinearMotion, 2830,-1250,-230,180,0.0,0.0,0,200,100 
LinearMotion, 2850,-1200,-230,180,0.0,0.0,0,200,100 
LinearMotion, 2865,-1150,-230,180,0.0,0.0,0,200,100 
LinearMotion, 2875,-1100,-230,180,0.0,0.0,0,200,100 
LinearMotion, 2880,-1050,-230,180,0.0,0.0,0,200,100 
LinearMotion, 2875,-1000,-230,180,0.0,0.0,0,200,100 
LinearMotion, 2885,-950,-230,180,0.0,0.0,0,168.7,100 
LinearMotion, 2890,-950,-180,180,0.0,0.0,0,121.363,100 
LinearMotion, 2875,-1000,-180,180,0.0,0.0,0,200,100 
LinearMotion, 2880,-1050,-180,180,0.0,0.0,0,200,100 
LinearMotion, 2875,-1100,-180,180,0.0,0.0,0,200,100 
LinearMotion, 2865,-1150,-180,180,0.0,0.0,0,200,100 
LinearMotion, 2840,-1200,-180,180,0.0,0.0,0,200,100 
LinearMotion, 2820,-1250,-180,180,0.0,0.0,0,200,100 
LinearMotion, 2815,-1300,-180,180,0.0,0.0,0,200,100 
LinearMotion, 2835,-1350,-180,180,0.0,0.0,0,200,100 
LinearMotion, 2835,-1350,-130,180,0.0,0.0,0,200,100 
LinearMotion, 2815,-1300,-130,180,0.0,0.0,0,177.307,100 
LinearMotion, 2810,-1250,-130,180,0.0,0.0,0,200,100 
LinearMotion, 2830,-1200,-130,180,0.0,0.0,0,200,100 
LinearMotion, 2855,-1150,-130,180,0.0,0.0,0,200,100 
LinearMotion, 2880,-1100,-130,180,0.0,0.0,0,200,100 
LinearMotion, 2885,-1050,-130,180,0.0,0.0,0,200,100 
LinearMotion, 2880,-1000,-130,180,0.0,0.0,0,200,100 
LinearMotion, 2890,-950,-130,180,0.0,0.0,0,167.314,100 
LinearMotion, 2895,-950,-80,180,0.0,0.0,0,126.569,100 
LinearMotion, 2885,-1000,-80,180,0.0,0.0,0,200,100 
LinearMotion, 2880,-1050,-80,180,0.0,0.0,0,200,100 
LinearMotion, 2860,-1100,-80,180,0.0,0.0,0,200,100 
LinearMotion, 2845,-1150,-80,180,0.0,0.0,0,200,100 
LinearMotion, 2805,-1200,-80,180,0.0,0.0,0,200,100 
LinearMotion, 2805,-1250,-80,180,0.0,0.0,0,175.545,100 
LinearMotion, 2805,-1300,-80,180,0.0,0.0,0,200,100 
LinearMotion, 2830,-1350,-80,180,0.0,0.0,0,200,100 
LinearMotion, 2835,-1350,-30,180,0.0,0.0,0,196.902,100 
LinearMotion, 2795,-1300,-30,180,0.0,0.0,0,200,100 
LinearMotion, 2790,-1250,-30,180,0.0,0.0,0,200,100 
LinearMotion, 2795,-1200,-30,180,0.0,0.0,0,200,100 
LinearMotion, 2820,-1150,-30,180,0.0,0.0,0,200,100 
LinearMotion, 2850,-1100,-30,180,0.0,0.0,0,200,100 
LinearMotion, 2875,-1050,-30,180,0.0,0.0,0,200,100 
LinearMotion, 2885,-1000,-30,180,0.0,0.0,0,200,100 
LinearMotion, 2895,-950,-30,180,0.0,0.0,0,172.29,100 
LinearMotion, 2905,-950,20,180,0.0,0.0,0,36.7018,100 
LinearMotion, 2890,-1000,20,180,0.0,0.0,0,200,100 
LinearMotion, 2885,-1050,20,180,0.0,0.0,0,200,100 
LinearMotion, 2860,-1100,20,180,0.0,0.0,0,200,100 
LinearMotion, 2825,-1150,20,180,0.0,0.0,0,200,100 
LinearMotion, 2800,-1200,20,180,0.0,0.0,0,119.82,100 
LinearMotion, 2795,-1250,20,180,0.0,0.0,0,63.6979,100 
LinearMotion, 2805,-1300,20,180,0.0,0.0,0,175.377,100 
LinearMotion, 2845,-1350,20,180,0.0,0.0,0,25,100 
LinearMotion, 2920,-1475,20,180,0.0,0.0,0,3,0
