JointMotion, 2200,750,-310,180,0.0,0.0,0,3,0
LinearMotion, 2200,700,-310,180,0.0,0.0,0,168.654,100 
LinearMotion, 2200,650,-310,180,0.0,0.0,0,172.94,100 
LinearMotion, 2200,600,-310,180,0.0,0.0,0,179.017,100 
LinearMotion, 2200,550,-310,180,0.0,0.0,0,179.35,100 
LinearMotion, 2200,500,-310,180,0.0,0.0,0,166.071,100 
LinearMotion, 2200,450,-310,180,0.0,0.0,0,144.518,100 
LinearMotion, 2200,400,-310,180,0.0,0.0,0,126.554,100 
LinearMotion, 2200,350,-310,180,0.0,0.0,0,125.863,100 
LinearMotion, 2250,350,-310,180,0.0,0.0,0,118.319,100 
LinearMotion, 2250,400,-310,180,0.0,0.0,0,113.443,100 
LinearMotion, 2250,450,-310,180,0.0,0.0,0,132.381,100 
LinearMotion, 2250,500,-310,180,0.0,0.0,0,158.222,100 
LinearMotion, 2250,550,-310,180,0.0,0.0,0,177.588,100 
LinearMotion, 2250,600,-310,180,0.0,0.0,0,182.165,100 
LinearMotion, 2250,650,-310,180,0.0,0.0,0,177.776,100 
LinearMotion, 2250,700,-310,180,0.0,0.0,0,172.726,100 
LinearMotion, 2250,750,-310,180,0.0,0.0,0,175.072,100 
LinearMotion, 2300,750,-310,180,0.0,0.0,0,176.842,100 
LinearMotion, 2300,700,-310,180,0.0,0.0,0,177.303,100 
LinearMotion, 2300,650,-310,180,0.0,0.0,0,182.274,100 
LinearMotion, 2300,600,-310,180,0.0,0.0,0,184.057,100 
LinearMotion, 2300,550,-310,180,0.0,0.0,0,173.397,100 
LinearMotion, 2300,500,-310,180,0.0,0.0,0,147.729,100 
LinearMotion, 2300,450,-310,180,0.0,0.0,0,118.287,100 
LinearMotion, 2300,400,-310,180,0.0,0.0,0,100.098,100 
LinearMotion, 2300,350,-310,180,0.0,0.0,0,112.244,100 
LinearMotion, 2350,350,-310,180,0.0,0.0,0,107.635,100 
LinearMotion, 2350,400,-310,180,0.0,0.0,0,87.4551,100 
LinearMotion, 2350,450,-310,180,0.0,0.0,0,102.447,100 
LinearMotion, 2350,500,-310,180,0.0,0.0,0,134.703,100 
LinearMotion, 2350,550,-310,180,0.0,0.0,0,166.591,100 
LinearMotion, 2350,600,-310,180,0.0,0.0,0,184.238,100 
LinearMotion, 2350,650,-310,180,0.0,0.0,0,186.108,100 
LinearMotion, 2350,700,-310,180,0.0,0.0,0,182.026,100 
LinearMotion, 2350,750,-310,180,0.0,0.0,0,179.8,100 
LinearMotion, 2400,750,-310,180,0.0,0.0,0,183.54,100 
LinearMotion, 2400,700,-310,180,0.0,0.0,0,186.621,100 
LinearMotion, 2400,650,-310,180,0.0,0.0,0,188.99,100 
LinearMotion, 2400,600,-310,180,0.0,0.0,0,182.212,100 
LinearMotion, 2400,550,-310,180,0.0,0.0,0,156.917,100 
LinearMotion, 2400,500,-310,180,0.0,0.0,0,119.157,100 
LinearMotion, 2400,450,-310,180,0.0,0.0,0,85.4258,100 
LinearMotion, 2400,400,-310,180,0.0,0.0,0,76.5138,100 
LinearMotion, 2400,350,-310,180,0.0,0.0,0,104.527,100 
LinearMotion, 2450,350,-310,180,0.0,0.0,0,102.705,100 
LinearMotion, 2450,400,-310,180,0.0,0.0,0,67.6529,100 
LinearMotion, 2450,450,-310,180,0.0,0.0,0,67.8937,100 
LinearMotion, 2450,500,-310,180,0.0,0.0,0,101.255,100 
LinearMotion, 2450,550,-310,180,0.0,0.0,0,144.216,100 
LinearMotion, 2450,600,-310,180,0.0,0.0,0,177.394,100 
LinearMotion, 2450,650,-310,180,0.0,0.0,0,190.58,100 
LinearMotion, 2450,700,-310,180,0.0,0.0,0,190.801,100 
LinearMotion, 2450,750,-310,180,0.0,0.0,0,187.74,100 
LinearMotion, 2500,750,-310,180,0.0,0.0,0,192.082,100 
LinearMotion, 2500,700,-310,180,0.0,0.0,0,194.28,100 
LinearMotion, 2500,650,-310,180,0.0,0.0,0,190.453,100 
LinearMotion, 2500,600,-310,180,0.0,0.0,0,169.662,100 
LinearMotion, 2500,550,-310,180,0.0,0.0,0,128.411,100 
LinearMotion, 2500,500,-310,180,0.0,0.0,0,81.2431,100 
LinearMotion, 2500,450,-310,180,0.0,0.0,0,51.3583,100 
LinearMotion, 2500,400,-310,180,0.0,0.0,0,60.5789,100 
LinearMotion, 2500,350,-310,180,0.0,0.0,0,101.834,100 
LinearMotion, 2550,350,-310,180,0.0,0.0,0,101.711,100 
LinearMotion, 2550,400,-310,180,0.0,0.0,0,55.226,100 
LinearMotion, 2550,450,-310,180,0.0,0.0,0,36.8541,100 
LinearMotion, 2550,500,-310,180,0.0,0.0,0,59.9052,100 
LinearMotion, 2550,550,-310,180,0.0,0.0,0,109.54,100 
LinearMotion, 2550,600,-310,180,0.0,0.0,0,158.638,100 
LinearMotion, 2550,650,-310,180,0.0,0.0,0,188.22,100 
LinearMotion, 2550,700,-310,180,0.0,0.0,0,196.801,100 
LinearMotion, 2550,750,-310,180,0.0,0.0,0,196.262,100 
LinearMotion, 2600,750,-310,180,0.0,0.0,0,200,100 
LinearMotion, 2600,700,-310,180,0.0,0.0,0,198.043,100 
LinearMotion, 2600,650,-310,180,0.0,0.0,0,183.263,100 
LinearMotion, 2600,600,-310,180,0.0,0.0,0,144.166,100 
LinearMotion, 2600,550,-310,180,0.0,0.0,0,87.8363,100 
LinearMotion, 2600,500,-310,180,0.0,0.0,0,38.1972,100 
LinearMotion, 2600,450,-310,180,0.0,0.0,0,25,100 
LinearMotion, 2600,400,-310,180,0.0,0.0,0,51.3432,100 
LinearMotion, 2600,350,-310,180,0.0,0.0,0,102.129,100 
LinearMotion, 2600,400,-305,180,0.0,0.0,0,54.3804,100 
LinearMotion, 2600,450,-305,180,0.0,0.0,0,25,100 
LinearMotion, 2600,500,-305,180,0.0,0.0,0,39.7187,100 
LinearMotion, 2600,550,-310,180,0.0,0.0,0,86.0842,100 
LinearMotion, 2600,600,-315,180,0.0,0.0,0,139.912,100 
LinearMotion, 2600,650,-315,180,0.0,0.0,0,183.517,100 
LinearMotion, 2600,700,-315,180,0.0,0.0,0,200,100 
LinearMotion, 2600,750,-320,180,0.0,0.0,0,193.186,100 
LinearMotion, 2550,750,-315,180,0.0,0.0,0,198.014,100 
LinearMotion, 2550,700,-315,180,0.0,0.0,0,198.615,100 
LinearMotion, 2550,650,-315,180,0.0,0.0,0,189.045,100 
LinearMotion, 2550,600,-315,180,0.0,0.0,0,156.052,100 
LinearMotion, 2550,550,-310,180,0.0,0.0,0,110.29,100 
LinearMotion, 2550,500,-305,180,0.0,0.0,0,63.9295,100 
LinearMotion, 2550,450,-300,180,0.0,0.0,0,47.2175,100 
LinearMotion, 2550,400,-305,180,0.0,0.0,0,58.7109,100 
LinearMotion, 2550,350,-310,180,0.0,0.0,0,101.559,100 
LinearMotion, 2500,350,-310,180,0.0,0.0,0,101.696,100 
LinearMotion, 2500,400,-305,180,0.0,0.0,0,64.681,100 
LinearMotion, 2500,450,-305,180,0.0,0.0,0,54.3973,100 
LinearMotion, 2500,500,-310,180,0.0,0.0,0,78.7308,100 
LinearMotion, 2500,550,-310,180,0.0,0.0,0,131.337,100 
LinearMotion, 2500,600,-315,180,0.0,0.0,0,168.347,100 
LinearMotion, 2500,650,-315,180,0.0,0.0,0,191.536,100 
LinearMotion, 2500,700,-315,180,0.0,0.0,0,195.803,100 
LinearMotion, 2500,750,-315,180,0.0,0.0,0,193.352,100 
LinearMotion, 2450,750,-315,180,0.0,0.0,0,188.51,100 
LinearMotion, 2450,700,-315,180,0.0,0.0,0,191.924,100 
LinearMotion, 2450,650,-315,180,0.0,0.0,0,191.677,100 
LinearMotion, 2450,600,-315,180,0.0,0.0,0,176.97,100 
LinearMotion, 2450,550,-310,180,0.0,0.0,0,148.964,100 
LinearMotion, 2450,500,-310,180,0.0,0.0,0,101.05,100 
LinearMotion, 2450,450,-310,180,0.0,0.0,0,63.8423,100 
LinearMotion, 2450,400,-305,180,0.0,0.0,0,72.5705,100 
LinearMotion, 2450,350,-315,180,0.0,0.0,0,93.6699,100 
LinearMotion, 2400,350,-310,180,0.0,0.0,0,104.699,100 
LinearMotion, 2400,400,-310,180,0.0,0.0,0,73.4562,100 
LinearMotion, 2400,450,-310,180,0.0,0.0,0,83.3958,100 
LinearMotion, 2400,500,-315,180,0.0,0.0,0,112.02,100 
LinearMotion, 2400,550,-315,180,0.0,0.0,0,154.133,100 
LinearMotion, 2400,600,-315,180,0.0,0.0,0,182.344,100 
LinearMotion, 2400,650,-315,180,0.0,0.0,0,189.904,100 
LinearMotion, 2400,700,-315,180,0.0,0.0,0,187.262,100 
LinearMotion, 2400,750,-315,180,0.0,0.0,0,183.825,100 
LinearMotion, 2350,750,-315,180,0.0,0.0,0,179.654,100 
LinearMotion, 2350,700,-315,180,0.0,0.0,0,182.137,100 
LinearMotion, 2350,650,-315,180,0.0,0.0,0,186.689,100 
LinearMotion, 2350,600,-315,180,0.0,0.0,0,184.603,100 
LinearMotion, 2350,550,-315,180,0.0,0.0,0,164.922,100 
LinearMotion, 2350,500,-315,180,0.0,0.0,0,129.358,100 
LinearMotion, 2350,450,-315,180,0.0,0.0,0,93.3827,100 
LinearMotion, 2350,400,-310,180,0.0,0.0,0,85.659,100 
LinearMotion, 2350,350,-315,180,0.0,0.0,0,99.1686,100 
LinearMotion, 2300,350,-315,180,0.0,0.0,0,104.309,100 
LinearMotion, 2300,400,-310,180,0.0,0.0,0,99.7591,100 
LinearMotion, 2300,450,-315,180,0.0,0.0,0,111.049,100 
LinearMotion, 2300,500,-315,180,0.0,0.0,0,143.885,100 
LinearMotion, 2300,550,-315,180,0.0,0.0,0,172.513,100 
LinearMotion, 2300,600,-315,180,0.0,0.0,0,184.401,100 
LinearMotion, 2300,650,-315,180,0.0,0.0,0,182.413,100 
LinearMotion, 2300,700,-315,180,0.0,0.0,0,176.869,100 
LinearMotion, 2300,750,-315,180,0.0,0.0,0,176.355,100 
LinearMotion, 2250,750,-315,180,0.0,0.0,0,174.38,100 
LinearMotion, 2250,700,-315,180,0.0,0.0,0,171.764,100 
LinearMotion, 2250,650,-315,180,0.0,0.0,0,177.396,100 
LinearMotion, 2250,600,-315,180,0.0,0.0,0,182.292,100 
LinearMotion, 2250,550,-315,180,0.0,0.0,0,177.187,100 
LinearMotion, 2250,500,-315,180,0.0,0.0,0,155.588,100 
LinearMotion, 2250,450,-315,180,0.0,0.0,0,126.768,100 
LinearMotion, 2250,400,-310,180,0.0,0.0,0,114.643,100 
LinearMotion, 2250,350,-315,180,0.0,0.0,0,111.084,100 
LinearMotion, 2200,350,-315,180,0.0,0.0,0,119.498,100 
LinearMotion, 2200,400,-315,180,0.0,0.0,0,120.269,100 
LinearMotion, 2200,450,-315,180,0.0,0.0,0,140.304,100 
LinearMotion, 2200,500,-315,180,0.0,0.0,0,164.342,100 
LinearMotion, 2200,550,-315,180,0.0,0.0,0,179.152,100 
LinearMotion, 2200,600,-315,180,0.0,0.0,0,178.781,100 
LinearMotion, 2200,650,-315,180,0.0,0.0,0,172.003,100 
LinearMotion, 2200,700,-315,180,0.0,0.0,0,167.223,100 
LinearMotion, 2200,750,-320,180,0.0,0.0,0,165.213,100 
LinearMotion, 2200,700,-315,180,0.0,0.0,0,150.609,100 
LinearMotion, 2200,650,-310,180,0.0,0.0,0,166.897,100 
LinearMotion, 2200,600,-315,180,0.0,0.0,0,164.274,100 
LinearMotion, 2200,550,-315,180,0.0,0.0,0,164.713,100 
LinearMotion, 2200,500,-310,180,0.0,0.0,0,157.839,100 
LinearMotion, 2200,450,-310,180,0.0,0.0,0,129.419,100 
LinearMotion, 2200,400,-310,180,0.0,0.0,0,105.73,100 
LinearMotion, 2200,350,-310,180,0.0,0.0,0,104.818,100 
LinearMotion, 2250,350,-310,180,0.0,0.0,0,94.8698,100 
LinearMotion, 2250,400,-305,180,0.0,0.0,0,99.0773,100 
LinearMotion, 2250,450,-305,180,0.0,0.0,0,124.052,100 
LinearMotion, 2250,500,-310,180,0.0,0.0,0,147.489,100 
LinearMotion, 2250,550,-310,180,0.0,0.0,0,173.027,100 
LinearMotion, 2250,600,-310,180,0.0,0.0,0,179.062,100 
LinearMotion, 2250,650,-310,180,0.0,0.0,0,173.274,100 
LinearMotion, 2250,700,-310,180,0.0,0.0,0,166.615,100 
LinearMotion, 2250,750,-310,180,0.0,0.0,0,169.708,100 
LinearMotion, 2300,750,-315,180,0.0,0.0,0,161.405,100 
LinearMotion, 2300,700,-310,180,0.0,0.0,0,172.651,100 
LinearMotion, 2300,650,-310,180,0.0,0.0,0,179.206,100 
LinearMotion, 2300,600,-310,180,0.0,0.0,0,181.557,100 
LinearMotion, 2300,550,-310,180,0.0,0.0,0,167.501,100 
LinearMotion, 2300,500,-310,180,0.0,0.0,0,133.652,100 
LinearMotion, 2300,450,-305,180,0.0,0.0,0,105.466,100 
LinearMotion, 2300,400,-305,180,0.0,0.0,0,81.4796,100 
LinearMotion, 2300,350,-305,180,0.0,0.0,0,97.4963,100 
LinearMotion, 2350,350,-305,180,0.0,0.0,0,91.4189,100 
LinearMotion, 2350,400,-295,180,0.0,0.0,0,86.0831,100 
LinearMotion, 2350,450,-300,180,0.0,0.0,0,95.2153,100 
LinearMotion, 2350,500,-305,180,0.0,0.0,0,127.113,100 
LinearMotion, 2350,550,-310,180,0.0,0.0,0,158.525,100 
LinearMotion, 2350,600,-310,180,0.0,0.0,0,181.795,100 
LinearMotion, 2350,650,-310,180,0.0,0.0,0,184.262,100 
LinearMotion, 2350,700,-310,180,0.0,0.0,0,178.88,100 
LinearMotion, 2350,750,-315,180,0.0,0.0,0,165.307,100 
LinearMotion, 2400,750,-310,180,0.0,0.0,0,180.875,100 
LinearMotion, 2400,700,-310,180,0.0,0.0,0,184.939,100 
LinearMotion, 2400,650,-310,180,0.0,0.0,0,188.063,100 
LinearMotion, 2400,600,-310,180,0.0,0.0,0,179.124,100 
LinearMotion, 2400,550,-305,180,0.0,0.0,0,156.406,100 
LinearMotion, 2400,500,-305,180,0.0,0.0,0,106.613,100 
LinearMotion, 2400,450,-300,180,0.0,0.0,0,72.7698,100 
LinearMotion, 2400,400,-300,180,0.0,0.0,0,61.0177,100 
LinearMotion, 2400,350,-300,180,0.0,0.0,0,97.9582,100 
LinearMotion, 2450,350,-300,180,0.0,0.0,0,95.5548,100 
LinearMotion, 2450,400,-295,180,0.0,0.0,0,59.9705,100 
LinearMotion, 2450,450,-295,180,0.0,0.0,0,60.288,100 
LinearMotion, 2450,500,-300,180,0.0,0.0,0,93.6432,100 
LinearMotion, 2450,550,-305,180,0.0,0.0,0,139.657,100 
LinearMotion, 2450,600,-310,180,0.0,0.0,0,172.771,100 
LinearMotion, 2450,650,-310,180,0.0,0.0,0,190.159,100 
LinearMotion, 2450,700,-310,180,0.0,0.0,0,190.451,100 
LinearMotion, 2450,750,-310,180,0.0,0.0,0,186.414,100 
LinearMotion, 2500,750,-315,180,0.0,0.0,0,181.503,100 
LinearMotion, 2500,700,-310,180,0.0,0.0,0,195.038,100 
LinearMotion, 2500,650,-310,180,0.0,0.0,0,189.992,100 
LinearMotion, 2500,600,-305,180,0.0,0.0,0,173.212,100 
LinearMotion, 2500,550,-305,180,0.0,0.0,0,118.816,100 
LinearMotion, 2500,500,-295,180,0.0,0.0,0,77.8915,100 
LinearMotion, 2500,450,-290,180,0.0,0.0,0,49.1206,100 
LinearMotion, 2500,400,-290,180,0.0,0.0,0,61.2796,100 
LinearMotion, 2500,350,-300,180,0.0,0.0,0,94.4067,100 
LinearMotion, 2550,350,-300,180,0.0,0.0,0,94.2448,100 
LinearMotion, 2550,400,-290,180,0.0,0.0,0,54.2209,100 
LinearMotion, 2550,450,-285,180,0.0,0.0,0,40.6316,100 
LinearMotion, 2550,500,-290,180,0.0,0.0,0,60.3912,100 
LinearMotion, 2550,550,-300,180,0.0,0.0,0,104.569,100 
LinearMotion, 2550,600,-310,180,0.0,0.0,0,148.038,100 
LinearMotion, 2550,650,-310,180,0.0,0.0,0,187.047,100 
LinearMotion, 2550,700,-310,180,0.0,0.0,0,198.362,100 
LinearMotion, 2550,750,-315,180,0.0,0.0,0,187.014,100 
LinearMotion, 2600,750,-315,180,0.0,0.0,0,191.944,100 
LinearMotion, 2600,700,-310,180,0.0,0.0,0,200,100 
LinearMotion, 2600,650,-310,180,0.0,0.0,0,180.511,100 
LinearMotion, 2600,600,-310,180,0.0,0.0,0,128.954,100 
LinearMotion, 2600,550,-300,180,0.0,0.0,0,75.9484,100 
LinearMotion, 2600,500,-290,180,0.0,0.0,0,31.7654,100 
LinearMotion, 2600,450,-285,180,0.0,0.0,0,25,100 
LinearMotion, 2600,400,-290,180,0.0,0.0,0,49.1006,100 
LinearMotion, 2600,350,-305,180,0.0,0.0,0,84.159,100 
LinearMotion, 2600,400,-275,180,0.0,0.0,0,52.3242,100 
LinearMotion, 2600,450,-270,180,0.0,0.0,0,25,100 
LinearMotion, 2600,500,-275,180,0.0,0.0,0,32.6703,100 
LinearMotion, 2600,550,-285,180,0.0,0.0,0,82.7629,100 
LinearMotion, 2600,600,-305,180,0.0,0.0,0,118.738,100 
LinearMotion, 2600,650,-305,180,0.0,0.0,0,177.19,100 
LinearMotion, 2600,700,-305,180,0.0,0.0,0,199.286,100 
LinearMotion, 2600,750,-310,180,0.0,0.0,0,190.152,100 
LinearMotion, 2550,750,-310,180,0.0,0.0,0,184.564,100 
LinearMotion, 2550,700,-305,180,0.0,0.0,0,197.429,100 
LinearMotion, 2550,650,-305,180,0.0,0.0,0,184.601,100 
LinearMotion, 2550,600,-300,180,0.0,0.0,0,152.434,100 
LinearMotion, 2550,550,-290,180,0.0,0.0,0,103.151,100 
LinearMotion, 2550,500,-275,180,0.0,0.0,0,65.1248,100 
LinearMotion, 2550,450,-270,180,0.0,0.0,0,42.7224,100 
LinearMotion, 2550,400,-275,180,0.0,0.0,0,58.1292,100 
LinearMotion, 2550,350,-290,180,0.0,0.0,0,91.4462,100 
LinearMotion, 2500,350,-290,180,0.0,0.0,0,91.6298,100 
LinearMotion, 2500,400,-280,180,0.0,0.0,0,54.072,100 
LinearMotion, 2500,450,-275,180,0.0,0.0,0,52.3468,100 
LinearMotion, 2500,500,-285,180,0.0,0.0,0,72.9057,100 
LinearMotion, 2500,550,-295,180,0.0,0.0,0,119.304,100 
LinearMotion, 2500,600,-300,180,0.0,0.0,0,168.915,100 
LinearMotion, 2500,650,-300,180,0.0,0.0,0,200,100 
LinearMotion, 2500,700,-305,180,0.0,0.0,0,193.661,100 
LinearMotion, 2500,750,-310,180,0.0,0.0,0,178.315,100 
LinearMotion, 2450,750,-310,180,0.0,0.0,0,171.824,100 
LinearMotion, 2450,700,-305,180,0.0,0.0,0,188.46,100 
LinearMotion, 2450,650,-305,180,0.0,0.0,0,188.129,100 
LinearMotion, 2450,600,-305,180,0.0,0.0,0,168.415,100 
LinearMotion, 2450,550,-300,180,0.0,0.0,0,130.873,100 
LinearMotion, 2450,500,-290,180,0.0,0.0,0,90.7642,100 
LinearMotion, 2450,450,-285,180,0.0,0.0,0,52.9477,100 
LinearMotion, 2450,400,-280,180,0.0,0.0,0,64.6478,100 
LinearMotion, 2450,350,-295,180,0.0,0.0,0,80.8714,100 
LinearMotion, 2400,350,-295,180,0.0,0.0,0,83.5962,100 
LinearMotion, 2400,400,-290,180,0.0,0.0,0,53.775,100 
LinearMotion, 2400,450,-290,180,0.0,0.0,0,67.099,100 
LinearMotion, 2400,500,-290,180,0.0,0.0,0,117.529,100 
LinearMotion, 2400,550,-300,180,0.0,0.0,0,149.862,100 
LinearMotion, 2400,600,-305,180,0.0,0.0,0,175.618,100 
LinearMotion, 2400,650,-305,180,0.0,0.0,0,185.752,100 
LinearMotion, 2400,700,-305,180,0.0,0.0,0,182.211,100 
LinearMotion, 2400,750,-305,180,0.0,0.0,0,177.603,100 
LinearMotion, 2350,750,-310,180,0.0,0.0,0,159.953,100 
LinearMotion, 2350,700,-305,180,0.0,0.0,0,175.341,100 
LinearMotion, 2350,650,-305,180,0.0,0.0,0,181.443,100 
LinearMotion, 2350,600,-305,180,0.0,0.0,0,178.647,100 
LinearMotion, 2350,550,-305,180,0.0,0.0,0,152.264,100 
LinearMotion, 2350,500,-295,180,0.0,0.0,0,128.711,100 
LinearMotion, 2350,450,-295,180,0.0,0.0,0,80.4864,100 
LinearMotion, 2350,400,-290,180,0.0,0.0,0,70.1328,100 
LinearMotion, 2350,350,-295,180,0.0,0.0,0,88.2424,100 
LinearMotion, 2300,350,-295,180,0.0,0.0,0,95.1327,100 
LinearMotion, 2300,400,-290,180,0.0,0.0,0,89.0339,100 
LinearMotion, 2300,450,-295,180,0.0,0.0,0,104.168,100 
LinearMotion, 2300,500,-300,180,0.0,0.0,0,136.124,100 
LinearMotion, 2300,550,-305,180,0.0,0.0,0,162.44,100 
LinearMotion, 2300,600,-305,180,0.0,0.0,0,178.376,100 
LinearMotion, 2300,650,-305,180,0.0,0.0,0,175.711,100 
LinearMotion, 2300,700,-300,180,0.0,0.0,0,180.339,100 
LinearMotion, 2300,750,-310,180,0.0,0.0,0,155.529,100 
LinearMotion, 2250,750,-310,180,0.0,0.0,0,152.883,100 
LinearMotion, 2250,700,-305,180,0.0,0.0,0,161.436,100 
LinearMotion, 2250,650,-305,180,0.0,0.0,0,168.986,100 
LinearMotion, 2250,600,-305,180,0.0,0.0,0,175.548,100 
LinearMotion, 2250,550,-305,180,0.0,0.0,0,168.706,100 
LinearMotion, 2250,500,-300,180,0.0,0.0,0,151.813,100 
LinearMotion, 2250,450,-300,180,0.0,0.0,0,113.18,100 
LinearMotion, 2250,400,-295,180,0.0,0.0,0,96.9251,100 
LinearMotion, 2250,350,-300,180,0.0,0.0,0,92.1548,100 
LinearMotion, 2200,350,-305,180,0.0,0.0,0,91.3739,100 
LinearMotion, 2200,400,-305,180,0.0,0.0,0,92.4077,100 
LinearMotion, 2200,450,-305,180,0.0,0.0,0,119.264,100 
LinearMotion, 2200,500,-305,180,0.0,0.0,0,151.487,100 
LinearMotion, 2200,550,-310,180,0.0,0.0,0,159.279,100 
LinearMotion, 2200,600,-310,180,0.0,0.0,0,158.782,100 
LinearMotion, 2200,650,-305,180,0.0,0.0,0,161.756,100 
LinearMotion, 2200,700,-310,180,0.0,0.0,0,143.289,100 
LinearMotion, 2200,750,-315,180,0.0,0.0,0,140.594,100 
LinearMotion, 2200,700,-305,180,0.0,0.0,0,130.7,100 
LinearMotion, 2200,650,-305,180,0.0,0.0,0,138.529,100 
LinearMotion, 2200,600,-305,180,0.0,0.0,0,149.632,100 
LinearMotion, 2200,550,-305,180,0.0,0.0,0,150.24,100 
LinearMotion, 2200,500,-300,180,0.0,0.0,0,140.717,100 
LinearMotion, 2200,450,-300,180,0.0,0.0,0,101.342,100 
LinearMotion, 2200,400,-295,180,0.0,0.0,0,83.261,100 
LinearMotion, 2200,350,-295,180,0.0,0.0,0,81.9976,100 
LinearMotion, 2250,350,-295,180,0.0,0.0,0,68.2146,100 
LinearMotion, 2250,400,-285,180,0.0,0.0,0,88.7812,100 
LinearMotion, 2250,450,-290,180,0.0,0.0,0,108.644,100 
LinearMotion, 2250,500,-295,180,0.0,0.0,0,141.116,100 
LinearMotion, 2250,550,-300,180,0.0,0.0,0,161.759,100 
LinearMotion, 2250,600,-300,180,0.0,0.0,0,170.12,100 
LinearMotion, 2250,650,-300,180,0.0,0.0,0,162.101,100 
LinearMotion, 2250,700,-300,180,0.0,0.0,0,152.875,100 
LinearMotion, 2250,750,-305,180,0.0,0.0,0,142.424,100 
LinearMotion, 2300,750,-305,180,0.0,0.0,0,145.658,100 
LinearMotion, 2300,700,-295,180,0.0,0.0,0,175.975,100 
LinearMotion, 2300,650,-300,180,0.0,0.0,0,170.319,100 
LinearMotion, 2300,600,-300,180,0.0,0.0,0,173.576,100 
LinearMotion, 2300,550,-300,180,0.0,0.0,0,154.103,100 
LinearMotion, 2300,500,-290,180,0.0,0.0,0,136.682,100 
LinearMotion, 2300,450,-285,180,0.0,0.0,0,97.6325,100 
LinearMotion, 2300,400,-285,180,0.0,0.0,0,64.4009,100 
LinearMotion, 2300,350,-290,180,0.0,0.0,0,71.8536,100 
LinearMotion, 2350,350,-285,180,0.0,0.0,0,78.171,100 
LinearMotion, 2350,400,-280,180,0.0,0.0,0,56.0413,100 
LinearMotion, 2350,450,-285,180,0.0,0.0,0,68.6933,100 
LinearMotion, 2350,500,-285,180,0.0,0.0,0,127.623,100 
LinearMotion, 2350,550,-295,180,0.0,0.0,0,156.404,100 
LinearMotion, 2350,600,-300,180,0.0,0.0,0,173.907,100 
LinearMotion, 2350,650,-300,180,0.0,0.0,0,177.324,100 
LinearMotion, 2350,700,-300,180,0.0,0.0,0,169.867,100 
LinearMotion, 2350,750,-305,180,0.0,0.0,0,151.063,100 
LinearMotion, 2400,750,-305,180,0.0,0.0,0,157.894,100 
LinearMotion, 2400,700,-300,180,0.0,0.0,0,178.262,100 
LinearMotion, 2400,650,-300,180,0.0,0.0,0,182.589,100 
LinearMotion, 2400,600,-300,180,0.0,0.0,0,170.205,100 
LinearMotion, 2400,550,-295,180,0.0,0.0,0,138.732,100 
LinearMotion, 2400,500,-285,180,0.0,0.0,0,99.222,100 
LinearMotion, 2400,450,-275,180,0.0,0.0,0,67.0714,100 
LinearMotion, 2400,400,-275,180,0.0,0.0,0,50.7897,100 
LinearMotion, 2400,350,-280,180,0.0,0.0,0,87.2309,100 
LinearMotion, 2450,350,-280,180,0.0,0.0,0,83.9011,100 
LinearMotion, 2450,400,-270,180,0.0,0.0,0,49.3388,100 
LinearMotion, 2450,450,-270,180,0.0,0.0,0,49.7788,100 
LinearMotion, 2450,500,-280,180,0.0,0.0,0,81.2527,100 
LinearMotion, 2450,550,-290,180,0.0,0.0,0,130.265,100 
LinearMotion, 2450,600,-295,180,0.0,0.0,0,176.141,100 
LinearMotion, 2450,650,-300,180,0.0,0.0,0,185.494,100 
LinearMotion, 2450,700,-300,180,0.0,0.0,0,185.898,100 
LinearMotion, 2450,750,-305,180,0.0,0.0,0,165.569,100 
LinearMotion, 2500,750,-305,180,0.0,0.0,0,173.501,100 
LinearMotion, 2500,700,-300,180,0.0,0.0,0,192.254,100 
LinearMotion, 2500,650,-295,180,0.0,0.0,0,200,100 
LinearMotion, 2500,600,-295,180,0.0,0.0,0,162.015,100 
LinearMotion, 2500,550,-285,180,0.0,0.0,0,116.128,100 
LinearMotion, 2500,500,-270,180,0.0,0.0,0,74.1671,100 
LinearMotion, 2500,450,-265,180,0.0,0.0,0,34.3072,100 
LinearMotion, 2500,400,-260,180,0.0,0.0,0,65.89,100 
LinearMotion, 2500,350,-280,180,0.0,0.0,0,82.3105,100 
LinearMotion, 2550,350,-275,180,0.0,0.0,0,96.8235,100 
LinearMotion, 2550,400,-255,180,0.0,0.0,0,70.8479,100 
LinearMotion, 2550,450,-255,180,0.0,0.0,0,37.2836,100 
LinearMotion, 2550,500,-260,180,0.0,0.0,0,64.659,100 
LinearMotion, 2550,550,-280,180,0.0,0.0,0,96.3894,100 
LinearMotion, 2550,600,-295,180,0.0,0.0,0,141.876,100 
LinearMotion, 2550,650,-295,180,0.0,0.0,0,195.92,100 
LinearMotion, 2550,700,-300,180,0.0,0.0,0,196.859,100 
LinearMotion, 2550,750,-305,180,0.0,0.0,0,181.137,100 
LinearMotion, 2600,750,-310,180,0.0,0.0,0,173.229,100 
LinearMotion, 2600,700,-305,180,0.0,0.0,0,184.391,100 
LinearMotion, 2600,650,-305,180,0.0,0.0,0,157.39,100 
LinearMotion, 2600,600,-295,180,0.0,0.0,0,115.437,100 
LinearMotion, 2600,550,-280,180,0.0,0.0,0,56.7378,100 
LinearMotion, 2600,500,-260,180,0.0,0.0,0,25,100 
LinearMotion, 2600,450,-250,180,0.0,0.0,0,30.3644,100 
LinearMotion, 2600,400,-260,180,0.0,0.0,0,49.0168,100 
LinearMotion, 2600,350,-290,180,0.0,0.0,0,53.3756,100 
LinearMotion, 2600,400,-250,180,0.0,0.0,0,46.073,100 
LinearMotion, 2600,450,-240,180,0.0,0.0,0,25,100 
LinearMotion, 2600,500,-245,180,0.0,0.0,0,35.5893,100 
LinearMotion, 2600,550,-265,180,0.0,0.0,0,71.4459,100 
LinearMotion, 2600,600,-285,180,0.0,0.0,0,121.112,100 
LinearMotion, 2600,650,-300,180,0.0,0.0,0,151.86,100 
LinearMotion, 2600,700,-300,180,0.0,0.0,0,182.365,100 
LinearMotion, 2600,750,-305,180,0.0,0.0,0,169.755,100 
LinearMotion, 2550,750,-300,180,0.0,0.0,0,178.689,100 
LinearMotion, 2550,700,-295,180,0.0,0.0,0,196.451,100 
LinearMotion, 2550,650,-295,180,0.0,0.0,0,178.741,100 
LinearMotion, 2550,600,-285,180,0.0,0.0,0,150.982,100 
LinearMotion, 2550,550,-265,180,0.0,0.0,0,116.243,100 
LinearMotion, 2550,500,-245,180,0.0,0.0,0,80.3951,100 
LinearMotion, 2550,450,-235,180,0.0,0.0,0,66.1169,100 
LinearMotion, 2550,400,-245,180,0.0,0.0,0,70.7372,100 
LinearMotion, 2550,350,-265,180,0.0,0.0,0,100.084,100 
LinearMotion, 2500,350,-270,180,0.0,0.0,0,83.6873,100 
LinearMotion, 2500,400,-245,180,0.0,0.0,0,81.7857,100 
LinearMotion, 2500,450,-250,180,0.0,0.0,0,46.1043,100 
LinearMotion, 2500,500,-255,180,0.0,0.0,0,91.1371,100 
LinearMotion, 2500,550,-280,180,0.0,0.0,0,105.244,100 
LinearMotion, 2500,600,-290,180,0.0,0.0,0,157.085,100 
LinearMotion, 2500,650,-290,180,0.0,0.0,0,200,100 
LinearMotion, 2500,700,-295,180,0.0,0.0,0,191.248,100 
LinearMotion, 2500,750,-300,180,0.0,0.0,0,170.062,100 
LinearMotion, 2450,750,-300,180,0.0,0.0,0,161.1,100 
LinearMotion, 2450,700,-295,180,0.0,0.0,0,184.068,100 
LinearMotion, 2450,650,-295,180,0.0,0.0,0,183.611,100 
LinearMotion, 2450,600,-290,180,0.0,0.0,0,173.045,100 
LinearMotion, 2450,550,-285,180,0.0,0.0,0,121.215,100 
LinearMotion, 2450,500,-265,180,0.0,0.0,0,99.1422,100 
LinearMotion, 2450,450,-255,180,0.0,0.0,0,63.5838,100 
LinearMotion, 2450,400,-255,180,0.0,0.0,0,63.0867,100 
LinearMotion, 2450,350,-270,180,0.0,0.0,0,85.4844,100 
LinearMotion, 2400,350,-275,180,0.0,0.0,0,72.5963,100 
LinearMotion, 2400,400,-260,180,0.0,0.0,0,64.7259,100 
LinearMotion, 2400,450,-265,180,0.0,0.0,0,66.4706,100 
LinearMotion, 2400,500,-275,180,0.0,0.0,0,102.793,100 
LinearMotion, 2400,550,-285,180,0.0,0.0,0,147.431,100 
LinearMotion, 2400,600,-290,180,0.0,0.0,0,182.989,100 
LinearMotion, 2400,650,-295,180,0.0,0.0,0,180.33,100 
LinearMotion, 2400,700,-295,180,0.0,0.0,0,175.441,100 
LinearMotion, 2400,750,-300,180,0.0,0.0,0,152.43,100 
LinearMotion, 2350,750,-300,180,0.0,0.0,0,144.712,100 
LinearMotion, 2350,700,-295,180,0.0,0.0,0,165.957,100 
LinearMotion, 2350,650,-290,180,0.0,0.0,0,191.031,100 
LinearMotion, 2350,600,-295,180,0.0,0.0,0,170.521,100 
LinearMotion, 2350,550,-290,180,0.0,0.0,0,150.747,100 
LinearMotion, 2350,500,-280,180,0.0,0.0,0,118.231,100 
LinearMotion, 2350,450,-270,180,0.0,0.0,0,84.9529,100 
LinearMotion, 2350,400,-265,180,0.0,0.0,0,70.659,100 
LinearMotion, 2350,350,-280,180,0.0,0.0,0,62.3608,100 
LinearMotion, 2300,350,-280,180,0.0,0.0,0,71.8734,100 
LinearMotion, 2300,400,-270,180,0.0,0.0,0,80.1034,100 
LinearMotion, 2300,450,-275,180,0.0,0.0,0,100.998,100 
LinearMotion, 2300,500,-285,180,0.0,0.0,0,128.465,100 
LinearMotion, 2300,550,-295,180,0.0,0.0,0,148.146,100 
LinearMotion, 2300,600,-295,180,0.0,0.0,0,170.147,100 
LinearMotion, 2300,650,-295,180,0.0,0.0,0,166.467,100 
LinearMotion, 2300,700,-290,180,0.0,0.0,0,172.857,100 
LinearMotion, 2300,750,-300,180,0.0,0.0,0,138.605,100 
LinearMotion, 2250,750,-300,180,0.0,0.0,0,134.952,100 
LinearMotion, 2250,700,-290,180,0.0,0.0,0,163.409,100 
LinearMotion, 2250,650,-295,180,0.0,0.0,0,157.183,100 
LinearMotion, 2250,600,-295,180,0.0,0.0,0,166.243,100 
LinearMotion, 2250,550,-295,180,0.0,0.0,0,156.796,100 
LinearMotion, 2250,500,-285,180,0.0,0.0,0,150.124,100 
LinearMotion, 2250,450,-285,180,0.0,0.0,0,96.7883,100 
LinearMotion, 2250,400,-275,180,0.0,0.0,0,90.9978,100 
LinearMotion, 2250,350,-280,180,0.0,0.0,0,84.4121,100 
LinearMotion, 2200,350,-290,180,0.0,0.0,0,66.684,100 
LinearMotion, 2200,400,-285,180,0.0,0.0,0,84.7612,100 
LinearMotion, 2200,450,-290,180,0.0,0.0,0,105.189,100 
LinearMotion, 2200,500,-295,180,0.0,0.0,0,133.024,100 
LinearMotion, 2200,550,-300,180,0.0,0.0,0,143.782,100 
LinearMotion, 2200,600,-300,180,0.0,0.0,0,143.096,100 
LinearMotion, 2200,650,-300,180,0.0,0.0,0,130.552,100 
LinearMotion, 2200,700,-300,180,0.0,0.0,0,121.706,100 
LinearMotion, 2200,750,-305,180,0.0,0.0,0,117.986,100 
LinearMotion, 2200,700,-295,180,0.0,0.0,0,100.573,100 
LinearMotion, 2200,650,-295,180,0.0,0.0,0,110.195,100 
LinearMotion, 2200,600,-295,180,0.0,0.0,0,123.842,100 
LinearMotion, 2200,550,-295,180,0.0,0.0,0,124.589,100 
LinearMotion, 2200,500,-290,180,0.0,0.0,0,112.885,100 
LinearMotion, 2200,450,-285,180,0.0,0.0,0,82.6035,100 
LinearMotion, 2200,400,-280,180,0.0,0.0,0,60.3803,100 
LinearMotion, 2200,350,-285,180,0.0,0.0,0,40.7143,100 
LinearMotion, 2250,350,-275,180,0.0,0.0,0,60.0006,100 
LinearMotion, 2250,400,-265,180,0.0,0.0,0,85.2784,100 
LinearMotion, 2250,450,-275,180,0.0,0.0,0,91.5777,100 
LinearMotion, 2250,500,-280,180,0.0,0.0,0,131.488,100 
LinearMotion, 2250,550,-285,180,0.0,0.0,0,156.86,100 
LinearMotion, 2250,600,-290,180,0.0,0.0,0,149.023,100 
LinearMotion, 2250,650,-285,180,0.0,0.0,0,157.281,100 
LinearMotion, 2250,700,-290,180,0.0,0.0,0,127.828,100 
LinearMotion, 2250,750,-295,180,0.0,0.0,0,114.982,100 
LinearMotion, 2300,750,-295,180,0.0,0.0,0,118.957,100 
LinearMotion, 2300,700,-285,180,0.0,0.0,0,156.219,100 
LinearMotion, 2300,650,-285,180,0.0,0.0,0,167.381,100 
LinearMotion, 2300,600,-290,180,0.0,0.0,0,153.271,100 
LinearMotion, 2300,550,-285,180,0.0,0.0,0,147.45,100 
LinearMotion, 2300,500,-275,180,0.0,0.0,0,126.039,100 
LinearMotion, 2300,450,-270,180,0.0,0.0,0,78.044,100 
LinearMotion, 2300,400,-265,180,0.0,0.0,0,55.3132,100 
LinearMotion, 2300,350,-270,180,0.0,0.0,0,64.4731,100 
LinearMotion, 2350,350,-265,180,0.0,0.0,0,72.2377,100 
LinearMotion, 2350,400,-250,180,0.0,0.0,0,81.2652,100 
LinearMotion, 2350,450,-260,180,0.0,0.0,0,78.7022,100 
LinearMotion, 2350,500,-270,180,0.0,0.0,0,114.905,100 
LinearMotion, 2350,550,-280,180,0.0,0.0,0,150.279,100 
LinearMotion, 2350,600,-290,180,0.0,0.0,0,153.677,100 
LinearMotion, 2350,650,-285,180,0.0,0.0,0,175.99,100 
LinearMotion, 2350,700,-290,180,0.0,0.0,0,148.712,100 
LinearMotion, 2350,750,-295,180,0.0,0.0,0,125.6,100 
LinearMotion, 2400,750,-295,180,0.0,0.0,0,133.997,100 
LinearMotion, 2400,700,-290,180,0.0,0.0,0,159.03,100 
LinearMotion, 2400,650,-290,180,0.0,0.0,0,164.349,100 
LinearMotion, 2400,600,-285,180,0.0,0.0,0,167.241,100 
LinearMotion, 2400,550,-280,180,0.0,0.0,0,128.558,100 
LinearMotion, 2400,500,-265,180,0.0,0.0,0,98.1108,100 
LinearMotion, 2400,450,-255,180,0.0,0.0,0,58.5955,100 
LinearMotion, 2400,400,-250,180,0.0,0.0,0,56.6974,100 
LinearMotion, 2400,350,-265,180,0.0,0.0,0,65.2596,100 
LinearMotion, 2450,350,-260,180,0.0,0.0,0,79.2804,100 
LinearMotion, 2450,400,-240,180,0.0,0.0,0,73.0274,100 
LinearMotion, 2450,450,-245,180,0.0,0.0,0,55.4549,100 
LinearMotion, 2450,500,-255,180,0.0,0.0,0,94.1385,100 
LinearMotion, 2450,550,-275,180,0.0,0.0,0,118.151,100 
LinearMotion, 2450,600,-285,180,0.0,0.0,0,156.423,100 
LinearMotion, 2450,650,-290,180,0.0,0.0,0,167.918,100 
LinearMotion, 2450,700,-290,180,0.0,0.0,0,168.416,100 
LinearMotion, 2450,750,-295,180,0.0,0.0,0,143.429,100 
LinearMotion, 2500,750,-295,180,0.0,0.0,0,153.179,100 
LinearMotion, 2500,700,-290,180,0.0,0.0,0,176.227,100 
LinearMotion, 2500,650,-290,180,0.0,0.0,0,167.634,100 
LinearMotion, 2500,600,-285,180,0.0,0.0,0,139.061,100 
LinearMotion, 2500,550,-270,180,0.0,0.0,0,100.776,100 
LinearMotion, 2500,500,-240,180,0.0,0.0,0,103.543,100 
LinearMotion, 2500,450,-235,180,0.0,0.0,0,54.5524,100 
LinearMotion, 2500,400,-235,180,0.0,0.0,0,75.2566,100 
LinearMotion, 2500,350,-255,180,0.0,0.0,0,95.4386,100 
LinearMotion, 2550,350,-260,180,0.0,0.0,0,77.0496,100 
LinearMotion, 2550,400,-230,180,0.0,0.0,0,81.3503,100 
LinearMotion, 2550,450,-225,180,0.0,0.0,0,58.2107,100 
LinearMotion, 2550,500,-235,180,0.0,0.0,0,73.7438,100 
LinearMotion, 2550,550,-255,180,0.0,0.0,0,112.743,100 
LinearMotion, 2550,600,-280,180,0.0,0.0,0,132.422,100 
LinearMotion, 2550,650,-290,180,0.0,0.0,0,162.62,100 
LinearMotion, 2550,700,-285,180,0.0,0.0,0,200,100 
LinearMotion, 2550,750,-300,180,0.0,0.0,0,144.451,100 
LinearMotion, 2600,750,-300,180,0.0,0.0,0,152.844,100 
LinearMotion, 2600,700,-295,180,0.0,0.0,0,166.562,100 
LinearMotion, 2600,650,-295,180,0.0,0.0,0,133.377,100 
LinearMotion, 2600,600,-285,180,0.0,0.0,0,81.8132,100 
LinearMotion, 2600,550,-255,180,0.0,0.0,0,64.008,100 
LinearMotion, 2600,500,-235,180,0.0,0.0,0,25,100 
LinearMotion, 2600,450,-220,180,0.0,0.0,0,49.7065,100 
LinearMotion, 2600,400,-230,180,0.0,0.0,0,72.6316,100 
LinearMotion, 2600,350,-270,180,0.0,0.0,0,41.7624,100 
LinearMotion, 2600,400,-220,180,0.0,0.0,0,84.2793,100 
LinearMotion, 2600,450,-215,180,0.0,0.0,0,34.6141,100 
LinearMotion, 2600,500,-220,180,0.0,0.0,0,48.5558,100 
LinearMotion, 2600,550,-240,180,0.0,0.0,0,95.7638,100 
LinearMotion, 2600,600,-270,180,0.0,0.0,0,117.312,100 
LinearMotion, 2600,650,-285,180,0.0,0.0,0,157.794,100 
LinearMotion, 2600,700,-290,180,0.0,0.0,0,176.035,100 
LinearMotion, 2600,750,-300,180,0.0,0.0,0,137.512,100 
LinearMotion, 2550,750,-295,180,0.0,0.0,0,149.275,100 
LinearMotion, 2550,700,-280,180,0.0,0.0,0,200,100 
LinearMotion, 2550,650,-280,180,0.0,0.0,0,193.184,100 
LinearMotion, 2550,600,-270,180,0.0,0.0,0,156.638,100 
LinearMotion, 2550,550,-245,180,0.0,0.0,0,132.822,100 
LinearMotion, 2550,500,-220,180,0.0,0.0,0,107.546,100 
LinearMotion, 2550,450,-210,180,0.0,0.0,0,88.7478,100 
LinearMotion, 2550,400,-220,180,0.0,0.0,0,94.8308,100 
LinearMotion, 2550,350,-245,180,0.0,0.0,0,111.547,100 
LinearMotion, 2500,350,-245,180,0.0,0.0,0,111.881,100 
LinearMotion, 2500,400,-225,180,0.0,0.0,0,87.4561,100 
LinearMotion, 2500,450,-220,180,0.0,0.0,0,84.3205,100 
LinearMotion, 2500,500,-230,180,0.0,0.0,0,121.689,100 
LinearMotion, 2500,550,-260,180,0.0,0.0,0,118.341,100 
LinearMotion, 2500,600,-275,180,0.0,0.0,0,164.673,100 
LinearMotion, 2500,650,-280,180,0.0,0.0,0,199.253,100 
LinearMotion, 2500,700,-285,180,0.0,0.0,0,187.73,100 
LinearMotion, 2500,750,-290,180,0.0,0.0,0,159.837,100 
LinearMotion, 2450,750,-290,180,0.0,0.0,0,148.038,100 
LinearMotion, 2450,700,-285,180,0.0,0.0,0,178.277,100 
LinearMotion, 2450,650,-280,180,0.0,0.0,0,199.596,100 
LinearMotion, 2450,600,-280,180,0.0,0.0,0,163.764,100 
LinearMotion, 2450,550,-265,180,0.0,0.0,0,139.368,100 
LinearMotion, 2450,500,-245,180,0.0,0.0,0,110.307,100 
LinearMotion, 2450,450,-230,180,0.0,0.0,0,85.4127,100 
LinearMotion, 2450,400,-230,180,0.0,0.0,0,84.7582,100 
LinearMotion, 2450,350,-245,180,0.0,0.0,0,114.247,100 
LinearMotion, 2400,350,-250,180,0.0,0.0,0,97.2785,100 
LinearMotion, 2400,400,-235,180,0.0,0.0,0,86.9164,100 
LinearMotion, 2400,450,-240,180,0.0,0.0,0,89.2135,100 
LinearMotion, 2400,500,-255,180,0.0,0.0,0,115.114,100 
LinearMotion, 2400,550,-270,180,0.0,0.0,0,151.962,100 
LinearMotion, 2400,600,-280,180,0.0,0.0,0,176.856,100 
LinearMotion, 2400,650,-285,180,0.0,0.0,0,173.356,100 
LinearMotion, 2400,700,-285,180,0.0,0.0,0,166.919,100 
LinearMotion, 2400,750,-295,180,0.0,0.0,0,114.702,100 
LinearMotion, 2350,750,-295,180,0.0,0.0,0,104.541,100 
LinearMotion, 2350,700,-285,180,0.0,0.0,0,154.432,100 
LinearMotion, 2350,650,-280,180,0.0,0.0,0,187.444,100 
LinearMotion, 2350,600,-280,180,0.0,0.0,0,182.362,100 
LinearMotion, 2350,550,-275,180,0.0,0.0,0,156.328,100 
LinearMotion, 2350,500,-265,180,0.0,0.0,0,113.518,100 
LinearMotion, 2350,450,-245,180,0.0,0.0,0,113.547,100 
LinearMotion, 2350,400,-240,180,0.0,0.0,0,94.7278,100 
LinearMotion, 2350,350,-255,180,0.0,0.0,0,83.8025,100 
LinearMotion, 2300,350,-260,180,0.0,0.0,0,74.4057,100 
LinearMotion, 2300,400,-250,180,0.0,0.0,0,85.2412,100 
LinearMotion, 2300,450,-260,180,0.0,0.0,0,90.8293,100 
LinearMotion, 2300,500,-265,180,0.0,0.0,0,148.913,100 
LinearMotion, 2300,550,-280,180,0.0,0.0,0,152.904,100 
LinearMotion, 2300,600,-285,180,0.0,0.0,0,159.949,100 
LinearMotion, 2300,650,-280,180,0.0,0.0,0,177.025,100 
LinearMotion, 2300,700,-280,180,0.0,0.0,0,163.516,100 
LinearMotion, 2300,750,-290,180,0.0,0.0,0,118.422,100 
LinearMotion, 2250,750,-290,180,0.0,0.0,0,113.612,100 
LinearMotion, 2250,700,-280,180,0.0,0.0,0,151.078,100 
LinearMotion, 2250,650,-280,180,0.0,0.0,0,164.802,100 
LinearMotion, 2250,600,-285,180,0.0,0.0,0,154.808,100 
LinearMotion, 2250,550,-280,180,0.0,0.0,0,164.292,100 
LinearMotion, 2250,500,-270,180,0.0,0.0,0,155.508,100 
LinearMotion, 2250,450,-265,180,0.0,0.0,0,107.208,100 
LinearMotion, 2250,400,-255,180,0.0,0.0,0,99.5845,100 
LinearMotion, 2250,350,-265,180,0.0,0.0,0,68.993,100 
LinearMotion, 2200,350,-270,180,0.0,0.0,0,67.5735,100 
LinearMotion, 2200,400,-265,180,0.0,0.0,0,91.3735,100 
LinearMotion, 2200,450,-275,180,0.0,0.0,0,96.3473,100 
LinearMotion, 2200,500,-280,180,0.0,0.0,0,132.994,100 
LinearMotion, 2200,550,-290,180,0.0,0.0,0,125.238,100 
LinearMotion, 2200,600,-290,180,0.0,0.0,0,124.334,100 
LinearMotion, 2200,650,-285,180,0.0,0.0,0,129.739,100 
LinearMotion, 2200,700,-285,180,0.0,0.0,0,118.094,100 
LinearMotion, 2200,750,-300,180,0.0,0.0,0,69.3536,100 
LinearMotion, 2200,700,-285,180,0.0,0.0,0,91.7621,100 
LinearMotion, 2200,650,-285,180,0.0,0.0,0,107.151,100 
LinearMotion, 2200,600,-285,180,0.0,0.0,0,128.976,100 
LinearMotion, 2200,550,-285,180,0.0,0.0,0,130.171,100 
LinearMotion, 2200,500,-280,180,0.0,0.0,0,111.453,100 
LinearMotion, 2200,450,-270,180,0.0,0.0,0,91.9925,100 
LinearMotion, 2200,400,-260,180,0.0,0.0,0,85.4197,100 
LinearMotion, 2200,350,-270,180,0.0,0.0,0,25,100 
LinearMotion, 2250,350,-250,180,0.0,0.0,0,113.781,100 
LinearMotion, 2250,400,-245,180,0.0,0.0,0,125.239,100 
LinearMotion, 2250,450,-255,180,0.0,0.0,0,135.313,100 
LinearMotion, 2250,500,-265,180,0.0,0.0,0,170.172,100 
LinearMotion, 2250,550,-270,180,0.0,0.0,0,200,100 
LinearMotion, 2250,600,-275,180,0.0,0.0,0,198.216,100 
LinearMotion, 2250,650,-275,180,0.0,0.0,0,182.454,100 
LinearMotion, 2250,700,-275,180,0.0,0.0,0,164.319,100 
LinearMotion, 2250,750,-285,180,0.0,0.0,0,114.807,100 
LinearMotion, 2300,750,-285,180,0.0,0.0,0,121.164,100 
LinearMotion, 2300,700,-275,180,0.0,0.0,0,180.756,100 
LinearMotion, 2300,650,-275,180,0.0,0.0,0,198.607,100 
LinearMotion, 2300,600,-280,180,0.0,0.0,0,176.041,100 
LinearMotion, 2300,550,-270,180,0.0,0.0,0,195.7,100 
LinearMotion, 2300,500,-260,180,0.0,0.0,0,161.458,100 
LinearMotion, 2300,450,-250,180,0.0,0.0,0,113.669,100 
LinearMotion, 2300,400,-240,180,0.0,0.0,0,106.284,100 
LinearMotion, 2300,350,-250,180,0.0,0.0,0,91.9651,100 
LinearMotion, 2350,350,-245,180,0.0,0.0,0,104.383,100 
LinearMotion, 2350,400,-230,180,0.0,0.0,0,118.82,100 
LinearMotion, 2350,450,-240,180,0.0,0.0,0,114.722,100 
LinearMotion, 2350,500,-255,180,0.0,0.0,0,143.651,100 
LinearMotion, 2350,550,-270,180,0.0,0.0,0,171.256,100 
LinearMotion, 2350,600,-275,180,0.0,0.0,0,200,100 
LinearMotion, 2350,650,-275,180,0.0,0.0,0,200,100 
LinearMotion, 2350,700,-275,180,0.0,0.0,0,197.719,100 
LinearMotion, 2350,750,-285,180,0.0,0.0,0,131.789,100 
LinearMotion, 2400,750,-285,180,0.0,0.0,0,145.217,100 
LinearMotion, 2400,700,-280,180,0.0,0.0,0,185.252,100 
LinearMotion, 2400,650,-280,180,0.0,0.0,0,193.758,100 
LinearMotion, 2400,600,-275,180,0.0,0.0,0,198.384,100 
LinearMotion, 2400,550,-260,180,0.0,0.0,0,194.455,100 
LinearMotion, 2400,500,-245,180,0.0,0.0,0,145.761,100 
LinearMotion, 2400,450,-235,180,0.0,0.0,0,82.5652,100 
LinearMotion, 2400,400,-230,180,0.0,0.0,0,79.5296,100 
LinearMotion, 2400,350,-245,180,0.0,0.0,0,93.223,100 
LinearMotion, 2450,350,-240,180,0.0,0.0,0,115.646,100 
LinearMotion, 2450,400,-220,180,0.0,0.0,0,105.646,100 
LinearMotion, 2450,450,-225,180,0.0,0.0,0,77.5425,100 
LinearMotion, 2450,500,-235,180,0.0,0.0,0,139.409,100 
LinearMotion, 2450,550,-260,180,0.0,0.0,0,148.843,100 
LinearMotion, 2450,600,-275,180,0.0,0.0,0,181.083,100 
LinearMotion, 2450,650,-280,180,0.0,0.0,0,199.466,100 
LinearMotion, 2450,700,-280,180,0.0,0.0,0,200,100 
LinearMotion, 2450,750,-285,180,0.0,0.0,0,160.302,100 
LinearMotion, 2500,750,-290,180,0.0,0.0,0,146.926,100 
LinearMotion, 2500,700,-280,180,0.0,0.0,0,200,100 
LinearMotion, 2500,650,-280,180,0.0,0.0,0,199.013,100 
LinearMotion, 2500,600,-270,180,0.0,0.0,0,182.284,100 
LinearMotion, 2500,550,-245,180,0.0,0.0,0,178.993,100 
LinearMotion, 2500,500,-225,180,0.0,0.0,0,125.481,100 
LinearMotion, 2500,450,-215,180,0.0,0.0,0,76.0992,100 
LinearMotion, 2500,400,-215,180,0.0,0.0,0,109.211,100 
LinearMotion, 2500,350,-235,180,0.0,0.0,0,141.488,100 
LinearMotion, 2550,350,-235,180,0.0,0.0,0,141.047,100 
LinearMotion, 2550,400,-210,180,0.0,0.0,0,118.957,100 
LinearMotion, 2550,450,-200,180,0.0,0.0,0,110.918,100 
LinearMotion, 2550,500,-210,180,0.0,0.0,0,135.76,100 
LinearMotion, 2550,550,-240,180,0.0,0.0,0,140.194,100 
LinearMotion, 2550,600,-265,180,0.0,0.0,0,171.666,100 
LinearMotion, 2550,650,-275,180,0.0,0.0,0,200,100 
LinearMotion, 2550,700,-280,180,0.0,0.0,0,200,100 
LinearMotion, 2550,750,-290,180,0.0,0.0,0,161.936,100 
LinearMotion, 2600,750,-295,180,0.0,0.0,0,146.39,100 
LinearMotion, 2600,700,-285,180,0.0,0.0,0,197.298,100 
LinearMotion, 2600,650,-280,180,0.0,0.0,0,173.193,100 
LinearMotion, 2600,600,-270,180,0.0,0.0,0,90.7287,100 
LinearMotion, 2600,550,-230,180,0.0,0.0,0,120.19,100 
LinearMotion, 2600,500,-210,180,0.0,0.0,0,57.8048,100 
LinearMotion, 2600,450,-200,180,0.0,0.0,0,68.3492,100 
LinearMotion, 2600,400,-210,180,0.0,0.0,0,105.013,100 
LinearMotion, 2600,350,-255,180,0.0,0.0,0,26.6761,100 
LinearMotion, 2600,400,-200,180,0.0,0.0,0,154.873,100 
LinearMotion, 2600,450,-200,180,0.0,0.0,0,39.6507,100 
LinearMotion, 2600,500,-205,180,0.0,0.0,0,62.0907,100 
LinearMotion, 2600,550,-225,180,0.0,0.0,0,138.075,100 
LinearMotion, 2600,600,-260,180,0.0,0.0,0,137.475,100 
LinearMotion, 2600,650,-275,180,0.0,0.0,0,200,100 
LinearMotion, 2600,700,-280,180,0.0,0.0,0,200,100 
LinearMotion, 2600,750,-290,180,0.0,0.0,0,169.987,100 
LinearMotion, 2550,750,-285,180,0.0,0.0,0,188.921,100 
LinearMotion, 2550,700,-270,180,0.0,0.0,0,200,100 
LinearMotion, 2550,650,-270,180,0.0,0.0,0,200,100 
LinearMotion, 2550,600,-255,180,0.0,0.0,0,200,100 
LinearMotion, 2550,550,-230,180,0.0,0.0,0,197.722,100 
LinearMotion, 2550,500,-205,180,0.0,0.0,0,157.039,100 
LinearMotion, 2550,450,-195,180,0.0,0.0,0,126.782,100 
LinearMotion, 2550,400,-200,180,0.0,0.0,0,171.856,100 
LinearMotion, 2550,350,-230,180,0.0,0.0,0,163.478,100 
LinearMotion, 2500,350,-225,180,0.0,0.0,0,199.299,100 
LinearMotion, 2500,400,-205,180,0.0,0.0,0,159.986,100 
LinearMotion, 2500,450,-205,180,0.0,0.0,0,119.656,100 
LinearMotion, 2500,500,-215,180,0.0,0.0,0,179.803,100 
LinearMotion, 2500,550,-240,180,0.0,0.0,0,200,100 
LinearMotion, 2500,600,-260,180,0.0,0.0,0,200,100 
LinearMotion, 2500,650,-275,180,0.0,0.0,0,200,100 
LinearMotion, 2500,700,-275,180,0.0,0.0,0,200,100 
LinearMotion, 2500,750,-285,180,0.0,0.0,0,170.639,100 
LinearMotion, 2450,750,-285,180,0.0,0.0,0,151.648,100 
LinearMotion, 2450,700,-275,180,0.0,0.0,0,200,100 
LinearMotion, 2450,650,-270,180,0.0,0.0,0,200,100 
LinearMotion, 2450,600,-265,180,0.0,0.0,0,200,100 
LinearMotion, 2450,550,-250,180,0.0,0.0,0,200,100 
LinearMotion, 2450,500,-230,180,0.0,0.0,0,161.483,100 
LinearMotion, 2450,450,-215,180,0.0,0.0,0,121.414,100 
LinearMotion, 2450,400,-210,180,0.0,0.0,0,155.644,100 
LinearMotion, 2450,350,-225,180,0.0,0.0,0,200,100 
LinearMotion, 2400,350,-235,180,0.0,0.0,0,140.513,100 
LinearMotion, 2400,400,-220,180,0.0,0.0,0,123.834,100 
LinearMotion, 2400,450,-225,180,0.0,0.0,0,127.532,100 
LinearMotion, 2400,500,-240,180,0.0,0.0,0,169.221,100 
LinearMotion, 2400,550,-255,180,0.0,0.0,0,200,100 
LinearMotion, 2400,600,-270,180,0.0,0.0,0,200,100 
LinearMotion, 2400,650,-270,180,0.0,0.0,0,200,100 
LinearMotion, 2400,700,-275,180,0.0,0.0,0,200,100 
LinearMotion, 2400,750,-280,180,0.0,0.0,0,168.557,100 
LinearMotion, 2350,750,-285,180,0.0,0.0,0,116.919,100 
LinearMotion, 2350,700,-275,180,0.0,0.0,0,197.222,100 
LinearMotion, 2350,650,-270,180,0.0,0.0,0,200,100 
LinearMotion, 2350,600,-270,180,0.0,0.0,0,200,100 
LinearMotion, 2350,550,-265,180,0.0,0.0,0,200,100 
LinearMotion, 2350,500,-245,180,0.0,0.0,0,200,100 
LinearMotion, 2350,450,-235,180,0.0,0.0,0,131.415,100 
LinearMotion, 2350,400,-225,180,0.0,0.0,0,136.407,100 
LinearMotion, 2350,350,-240,180,0.0,0.0,0,118.822,100 
LinearMotion, 2300,350,-245,180,0.0,0.0,0,103.698,100 
LinearMotion, 2300,400,-235,180,0.0,0.0,0,121.138,100 
LinearMotion, 2300,450,-240,180,0.0,0.0,0,165.415,100 
LinearMotion, 2300,500,-255,180,0.0,0.0,0,188.339,100 
LinearMotion, 2300,550,-265,180,0.0,0.0,0,200,100 
LinearMotion, 2300,600,-275,180,0.0,0.0,0,200,100 
LinearMotion, 2300,650,-275,180,0.0,0.0,0,198.304,100 
LinearMotion, 2300,700,-265,180,0.0,0.0,0,200,100 
LinearMotion, 2300,750,-280,180,0.0,0.0,0,139.261,100 
LinearMotion, 2250,750,-280,180,0.0,0.0,0,131.519,100 
LinearMotion, 2250,700,-270,180,0.0,0.0,0,191.824,100 
LinearMotion, 2250,650,-275,180,0.0,0.0,0,178.629,100 
LinearMotion, 2250,600,-270,180,0.0,0.0,0,200,100 
LinearMotion, 2250,550,-265,180,0.0,0.0,0,200,100 
LinearMotion, 2250,500,-260,180,0.0,0.0,0,198.953,100 
LinearMotion, 2250,450,-245,180,0.0,0.0,0,191.778,100 
LinearMotion, 2250,400,-235,180,0.0,0.0,0,179.507,100 
LinearMotion, 2250,350,-245,180,0.0,0.0,0,130.269,100 
LinearMotion, 2200,350,-255,180,0.0,0.0,0,92.7008,100 
LinearMotion, 2200,400,-245,180,0.0,0.0,0,166.291,100 
LinearMotion, 2200,450,-260,180,0.0,0.0,0,139.014,100 
LinearMotion, 2200,500,-270,180,0.0,0.0,0,162.716,100 
LinearMotion, 2200,550,-280,180,0.0,0.0,0,150.232,100 
LinearMotion, 2200,600,-275,180,0.0,0.0,0,184.06,100 
LinearMotion, 2200,650,-275,180,0.0,0.0,0,157.477,100 
LinearMotion, 2200,700,-275,180,0.0,0.0,0,138.733,100 
LinearMotion, 2200,750,-295,180,0.0,0.0,0,25,100 
LinearMotion, 2200,700,-270,180,0.0,0.0,0,167.455,100 
LinearMotion, 2200,650,-275,180,0.0,0.0,0,146.739,100 
LinearMotion, 2200,600,-275,180,0.0,0.0,0,180.034,100 
LinearMotion, 2200,550,-275,180,0.0,0.0,0,181.857,100 
LinearMotion, 2200,500,-275,180,0.0,0.0,0,109.108,100 
LinearMotion, 2200,450,-255,180,0.0,0.0,0,167.806,100 
LinearMotion, 2200,400,-240,180,0.0,0.0,0,200,100 
LinearMotion, 2200,350,-255,180,0.0,0.0,0,65.6043,100 
LinearMotion, 2250,350,-240,180,0.0,0.0,0,156.852,100 
LinearMotion, 2250,400,-230,180,0.0,0.0,0,200,100 
LinearMotion, 2250,450,-240,180,0.0,0.0,0,200,100 
LinearMotion, 2250,500,-255,180,0.0,0.0,0,200,100 
LinearMotion, 2250,550,-260,180,0.0,0.0,0,200,100 
LinearMotion, 2250,600,-265,180,0.0,0.0,0,200,100 
LinearMotion, 2250,650,-265,180,0.0,0.0,0,200,100 
LinearMotion, 2250,700,-260,180,0.0,0.0,0,200,100 
LinearMotion, 2250,750,-275,180,0.0,0.0,0,158.418,100 
LinearMotion, 2300,750,-275,180,0.0,0.0,0,168.116,100 
LinearMotion, 2300,700,-265,180,0.0,0.0,0,200,100 
LinearMotion, 2300,650,-265,180,0.0,0.0,0,200,100 
LinearMotion, 2300,600,-270,180,0.0,0.0,0,200,100 
LinearMotion, 2300,550,-260,180,0.0,0.0,0,200,100 
LinearMotion, 2300,500,-250,180,0.0,0.0,0,200,100 
LinearMotion, 2300,450,-235,180,0.0,0.0,0,200,100 
LinearMotion, 2300,400,-230,180,0.0,0.0,0,145.416,100 
LinearMotion, 2300,350,-240,180,0.0,0.0,0,123.571,100 
LinearMotion, 2350,350,-235,180,0.0,0.0,0,142.515,100 
LinearMotion, 2350,400,-220,180,0.0,0.0,0,164.541,100 
LinearMotion, 2350,450,-225,180,0.0,0.0,0,200,100 
LinearMotion, 2350,500,-240,180,0.0,0.0,0,200,100 
LinearMotion, 2350,550,-260,180,0.0,0.0,0,200,100 
LinearMotion, 2350,600,-265,180,0.0,0.0,0,200,100 
LinearMotion, 2350,650,-265,180,0.0,0.0,0,200,100 
LinearMotion, 2350,700,-270,180,0.0,0.0,0,200,100 
LinearMotion, 2350,750,-275,180,0.0,0.0,0,184.325,100 
LinearMotion, 2400,750,-280,180,0.0,0.0,0,160.617,100 
LinearMotion, 2400,700,-270,180,0.0,0.0,0,200,100 
LinearMotion, 2400,650,-270,180,0.0,0.0,0,200,100 
LinearMotion, 2400,600,-265,180,0.0,0.0,0,200,100 
LinearMotion, 2400,550,-250,180,0.0,0.0,0,200,100 
LinearMotion, 2400,500,-230,180,0.0,0.0,0,200,100 
LinearMotion, 2400,450,-220,180,0.0,0.0,0,153.424,100 
LinearMotion, 2400,400,-215,180,0.0,0.0,0,148.793,100 
LinearMotion, 2400,350,-230,180,0.0,0.0,0,169.683,100 
LinearMotion, 2450,350,-225,180,0.0,0.0,0,200,100 
LinearMotion, 2450,400,-205,180,0.0,0.0,0,188.635,100 
LinearMotion, 2450,450,-210,180,0.0,0.0,0,145.762,100 
LinearMotion, 2450,500,-220,180,0.0,0.0,0,200,100 
LinearMotion, 2450,550,-250,180,0.0,0.0,0,200,100 
LinearMotion, 2450,600,-260,180,0.0,0.0,0,200,100 
LinearMotion, 2450,650,-265,180,0.0,0.0,0,200,100 
LinearMotion, 2450,700,-270,180,0.0,0.0,0,200,100 
LinearMotion, 2450,750,-280,180,0.0,0.0,0,183.63,100 
LinearMotion, 2500,750,-280,180,0.0,0.0,0,200,100 
LinearMotion, 2500,700,-270,180,0.0,0.0,0,200,100 
LinearMotion, 2500,650,-265,180,0.0,0.0,0,200,100 
LinearMotion, 2500,600,-260,180,0.0,0.0,0,200,100 
LinearMotion, 2500,550,-235,180,0.0,0.0,0,200,100 
LinearMotion, 2500,500,-215,180,0.0,0.0,0,174.702,100 
LinearMotion, 2500,450,-200,180,0.0,0.0,0,143.56,100 
LinearMotion, 2500,400,-200,180,0.0,0.0,0,194.074,100 
LinearMotion, 2500,350,-220,180,0.0,0.0,0,200,100 
LinearMotion, 2550,350,-215,180,0.0,0.0,0,200,100 
LinearMotion, 2550,400,-195,180,0.0,0.0,0,200,100 
LinearMotion, 2550,450,-190,180,0.0,0.0,0,152.485,100 
LinearMotion, 2550,500,-195,180,0.0,0.0,0,200,100 
LinearMotion, 2550,550,-225,180,0.0,0.0,0,200,100 
LinearMotion, 2550,600,-255,180,0.0,0.0,0,200,100 
LinearMotion, 2550,650,-270,180,0.0,0.0,0,200,100 
LinearMotion, 2550,700,-265,180,0.0,0.0,0,200,100 
LinearMotion, 2550,750,-285,180,0.0,0.0,0,186.123,100 
LinearMotion, 2600,750,-285,180,0.0,0.0,0,200,100 
LinearMotion, 2600,700,-275,180,0.0,0.0,0,200,100 
LinearMotion, 2600,650,-270,180,0.0,0.0,0,200,100 
LinearMotion, 2600,600,-260,180,0.0,0.0,0,121.685,100 
LinearMotion, 2600,550,-220,180,0.0,0.0,0,166.63,100 
LinearMotion, 2600,500,-195,180,0.0,0.0,0,115.65,100 
LinearMotion, 2600,450,-185,180,0.0,0.0,0,131.737,100 
LinearMotion, 2600,400,-190,180,0.0,0.0,0,200,100 
LinearMotion, 2600,350,-230,180,0.0,0.0,0,156.547,100 
LinearMotion, 2600,400,-185,180,0.0,0.0,0,200,100 
LinearMotion, 2600,450,-185,180,0.0,0.0,0,63.7,100 
LinearMotion, 2600,500,-195,180,0.0,0.0,0,31.5809,100 
LinearMotion, 2600,550,-215,180,0.0,0.0,0,200,100 
LinearMotion, 2600,600,-255,180,0.0,0.0,0,131.869,100 
LinearMotion, 2600,650,-265,180,0.0,0.0,0,200,100 
LinearMotion, 2600,700,-275,180,0.0,0.0,0,200,100 
LinearMotion, 2600,750,-285,180,0.0,0.0,0,200,100 
LinearMotion, 2550,750,-275,180,0.0,0.0,0,200,100 
LinearMotion, 2550,700,-260,180,0.0,0.0,0,200,100 
LinearMotion, 2550,650,-260,180,0.0,0.0,0,200,100 
LinearMotion, 2550,600,-245,180,0.0,0.0,0,200,100 
LinearMotion, 2550,550,-215,180,0.0,0.0,0,200,100 
LinearMotion, 2550,500,-195,180,0.0,0.0,0,200,100 
LinearMotion, 2550,450,-185,180,0.0,0.0,0,193.367,100 
LinearMotion, 2550,400,-185,180,0.0,0.0,0,200,100 
LinearMotion, 2550,350,-215,180,0.0,0.0,0,200,100 
LinearMotion, 2500,350,-215,180,0.0,0.0,0,200,100 
LinearMotion, 2500,400,-195,180,0.0,0.0,0,200,100 
LinearMotion, 2500,450,-195,180,0.0,0.0,0,175.546,100 
LinearMotion, 2500,500,-210,180,0.0,0.0,0,200,100 
LinearMotion, 2500,550,-230,180,0.0,0.0,0,200,100 
LinearMotion, 2500,600,-250,180,0.0,0.0,0,200,100 
LinearMotion, 2500,650,-265,180,0.0,0.0,0,200,100 
LinearMotion, 2500,700,-265,180,0.0,0.0,0,200,100 
LinearMotion, 2500,750,-280,180,0.0,0.0,0,200,100 
LinearMotion, 2450,750,-280,180,0.0,0.0,0,167.315,100 
LinearMotion, 2450,700,-265,180,0.0,0.0,0,200,100 
LinearMotion, 2450,650,-265,180,0.0,0.0,0,200,100 
LinearMotion, 2450,600,-255,180,0.0,0.0,0,200,100 
LinearMotion, 2450,550,-240,180,0.0,0.0,0,200,100 
LinearMotion, 2450,500,-215,180,0.0,0.0,0,200,100 
LinearMotion, 2450,450,-210,180,0.0,0.0,0,91.7035,100 
LinearMotion, 2450,400,-200,180,0.0,0.0,0,200,100 
LinearMotion, 2450,350,-215,180,0.0,0.0,0,200,100 
LinearMotion, 2400,350,-225,180,0.0,0.0,0,200,100 
LinearMotion, 2400,400,-210,180,0.0,0.0,0,185.996,100 
LinearMotion, 2400,450,-215,180,0.0,0.0,0,195.242,100 
LinearMotion, 2400,500,-225,180,0.0,0.0,0,200,100 
LinearMotion, 2400,550,-245,180,0.0,0.0,0,200,100 
LinearMotion, 2400,600,-260,180,0.0,0.0,0,200,100 
LinearMotion, 2400,650,-260,180,0.0,0.0,0,200,100 
LinearMotion, 2400,700,-265,180,0.0,0.0,0,200,100 
LinearMotion, 2400,750,-275,180,0.0,0.0,0,200,100 
LinearMotion, 2350,750,-270,180,0.0,0.0,0,200,100 
LinearMotion, 2350,700,-260,180,0.0,0.0,0,200,100 
LinearMotion, 2350,650,-260,180,0.0,0.0,0,200,100 
LinearMotion, 2350,600,-260,180,0.0,0.0,0,200,100 
LinearMotion, 2350,550,-250,180,0.0,0.0,0,200,100 
LinearMotion, 2350,500,-235,180,0.0,0.0,0,200,100 
LinearMotion, 2350,450,-225,180,0.0,0.0,0,200,100 
LinearMotion, 2350,400,-210,180,0.0,0.0,0,200,100 
LinearMotion, 2350,350,-230,180,0.0,0.0,0,173.461,100 
LinearMotion, 2300,350,-235,180,0.0,0.0,0,135.636,100 
LinearMotion, 2300,400,-220,180,0.0,0.0,0,200,100 
LinearMotion, 2300,450,-230,180,0.0,0.0,0,200,100 
LinearMotion, 2300,500,-245,180,0.0,0.0,0,200,100 
LinearMotion, 2300,550,-255,180,0.0,0.0,0,200,100 
LinearMotion, 2300,600,-260,180,0.0,0.0,0,200,100 
LinearMotion, 2300,650,-265,180,0.0,0.0,0,200,100 
LinearMotion, 2300,700,-260,180,0.0,0.0,0,200,100 
LinearMotion, 2300,750,-275,180,0.0,0.0,0,136.338,100 
LinearMotion, 2250,750,-270,180,0.0,0.0,0,200,100 
LinearMotion, 2250,700,-255,180,0.0,0.0,0,200,100 
LinearMotion, 2250,650,-265,180,0.0,0.0,0,200,100 
LinearMotion, 2250,600,-265,180,0.0,0.0,0,200,100 
LinearMotion, 2250,550,-255,180,0.0,0.0,0,200,100 
LinearMotion, 2250,500,-250,180,0.0,0.0,0,200,100 
LinearMotion, 2250,450,-235,180,0.0,0.0,0,200,100 
LinearMotion, 2250,400,-225,180,0.0,0.0,0,200,100 
LinearMotion, 2250,350,-235,180,0.0,0.0,0,200,100 
LinearMotion, 2200,350,-245,180,0.0,0.0,0,108.134,100 
LinearMotion, 2200,400,-235,180,0.0,0.0,0,200,100 
LinearMotion, 2200,450,-250,180,0.0,0.0,0,200,100 
LinearMotion, 2200,500,-260,180,0.0,0.0,0,200,100 
LinearMotion, 2200,550,-270,180,0.0,0.0,0,200,100 
LinearMotion, 2200,600,-270,180,0.0,0.0,0,200,100 
LinearMotion, 2200,650,-270,180,0.0,0.0,0,181.894,100 
LinearMotion, 2200,700,-260,180,0.0,0.0,0,200,100 
LinearMotion, 2200,750,-280,180,0.0,0.0,0,27.0599,100 
LinearMotion, 2200,875,-320,180,0.0,0.0,0,3,0
