JointMotion, 2200,-150,-310,180,0.0,0.0,0,3,0
LinearMotion, 2200,-200,-310,180,0.0,0.0,0,168.654,100 
LinearMotion, 2200,-250,-310,180,0.0,0.0,0,172.94,100 
LinearMotion, 2200,-300,-310,180,0.0,0.0,0,179.017,100 
LinearMotion, 2200,-350,-310,180,0.0,0.0,0,179.35,100 
LinearMotion, 2200,-400,-310,180,0.0,0.0,0,166.071,100 
LinearMotion, 2200,-450,-310,180,0.0,0.0,0,144.518,100 
LinearMotion, 2200,-500,-310,180,0.0,0.0,0,126.554,100 
LinearMotion, 2200,-550,-310,180,0.0,0.0,0,125.863,100 
LinearMotion, 2250,-550,-310,180,0.0,0.0,0,118.319,100 
LinearMotion, 2250,-500,-310,180,0.0,0.0,0,113.443,100 
LinearMotion, 2250,-450,-310,180,0.0,0.0,0,132.381,100 
LinearMotion, 2250,-400,-310,180,0.0,0.0,0,158.222,100 
LinearMotion, 2250,-350,-310,180,0.0,0.0,0,177.588,100 
LinearMotion, 2250,-300,-310,180,0.0,0.0,0,182.165,100 
LinearMotion, 2250,-250,-310,180,0.0,0.0,0,177.776,100 
LinearMotion, 2250,-200,-310,180,0.0,0.0,0,172.726,100 
LinearMotion, 2250,-150,-310,180,0.0,0.0,0,175.072,100 
LinearMotion, 2300,-150,-310,180,0.0,0.0,0,176.842,100 
LinearMotion, 2300,-200,-310,180,0.0,0.0,0,177.303,100 
LinearMotion, 2300,-250,-310,180,0.0,0.0,0,182.274,100 
LinearMotion, 2300,-300,-310,180,0.0,0.0,0,184.057,100 
LinearMotion, 2300,-350,-310,180,0.0,0.0,0,173.397,100 
LinearMotion, 2300,-400,-310,180,0.0,0.0,0,147.729,100 
LinearMotion, 2300,-450,-310,180,0.0,0.0,0,118.287,100 
LinearMotion, 2300,-500,-310,180,0.0,0.0,0,100.098,100 
LinearMotion, 2300,-550,-310,180,0.0,0.0,0,112.244,100 
LinearMotion, 2350,-550,-310,180,0.0,0.0,0,107.635,100 
LinearMotion, 2350,-500,-310,180,0.0,0.0,0,87.4551,100 
LinearMotion, 2350,-450,-310,180,0.0,0.0,0,102.447,100 
LinearMotion, 2350,-400,-310,180,0.0,0.0,0,134.703,100 
LinearMotion, 2350,-350,-310,180,0.0,0.0,0,166.591,100 
LinearMotion, 2350,-300,-310,180,0.0,0.0,0,184.238,100 
LinearMotion, 2350,-250,-310,180,0.0,0.0,0,186.108,100 
LinearMotion, 2350,-200,-310,180,0.0,0.0,0,182.026,100 
LinearMotion, 2350,-150,-310,180,0.0,0.0,0,179.8,100 
LinearMotion, 2400,-150,-310,180,0.0,0.0,0,183.54,100 
LinearMotion, 2400,-200,-310,180,0.0,0.0,0,186.621,100 
LinearMotion, 2400,-250,-310,180,0.0,0.0,0,188.99,100 
LinearMotion, 2400,-300,-310,180,0.0,0.0,0,182.212,100 
LinearMotion, 2400,-350,-310,180,0.0,0.0,0,156.917,100 
LinearMotion, 2400,-400,-310,180,0.0,0.0,0,119.157,100 
LinearMotion, 2400,-450,-310,180,0.0,0.0,0,85.4259,100 
LinearMotion, 2400,-500,-310,180,0.0,0.0,0,76.5138,100 
LinearMotion, 2400,-550,-310,180,0.0,0.0,0,104.527,100 
LinearMotion, 2450,-550,-310,180,0.0,0.0,0,102.705,100 
LinearMotion, 2450,-500,-310,180,0.0,0.0,0,67.6529,100 
LinearMotion, 2450,-450,-310,180,0.0,0.0,0,67.8937,100 
LinearMotion, 2450,-400,-310,180,0.0,0.0,0,101.255,100 
LinearMotion, 2450,-350,-310,180,0.0,0.0,0,144.216,100 
LinearMotion, 2450,-300,-310,180,0.0,0.0,0,177.394,100 
LinearMotion, 2450,-250,-310,180,0.0,0.0,0,190.58,100 
LinearMotion, 2450,-200,-310,180,0.0,0.0,0,190.801,100 
LinearMotion, 2450,-150,-310,180,0.0,0.0,0,187.74,100 
LinearMotion, 2500,-150,-310,180,0.0,0.0,0,192.082,100 
LinearMotion, 2500,-200,-310,180,0.0,0.0,0,194.28,100 
LinearMotion, 2500,-250,-310,180,0.0,0.0,0,190.453,100 
LinearMotion, 2500,-300,-310,180,0.0,0.0,0,169.662,100 
LinearMotion, 2500,-350,-310,180,0.0,0.0,0,128.411,100 
LinearMotion, 2500,-400,-310,180,0.0,0.0,0,81.2431,100 
LinearMotion, 2500,-450,-310,180,0.0,0.0,0,51.3583,100 
LinearMotion, 2500,-500,-310,180,0.0,0.0,0,60.5789,100 
LinearMotion, 2500,-550,-310,180,0.0,0.0,0,101.834,100 
LinearMotion, 2550,-550,-310,180,0.0,0.0,0,101.711,100 
LinearMotion, 2550,-500,-310,180,0.0,0.0,0,55.226,100 
LinearMotion, 2550,-450,-310,180,0.0,0.0,0,36.8541,100 
LinearMotion, 2550,-400,-310,180,0.0,0.0,0,59.9052,100 
LinearMotion, 2550,-350,-310,180,0.0,0.0,0,109.54,100 
LinearMotion, 2550,-300,-310,180,0.0,0.0,0,158.638,100 
LinearMotion, 2550,-250,-310,180,0.0,0.0,0,188.22,100 
LinearMotion, 2550,-200,-310,180,0.0,0.0,0,196.801,100 
LinearMotion, 2550,-150,-310,180,0.0,0.0,0,196.262,100 
LinearMotion, 2600,-150,-310,180,0.0,0.0,0,200,100 
LinearMotion, 2600,-200,-310,180,0.0,0.0,0,198.043,100 
LinearMotion, 2600,-250,-310,180,0.0,0.0,0,183.263,100 
LinearMotion, 2600,-300,-310,180,0.0,0.0,0,144.166,100 
LinearMotion, 2600,-350,-310,180,0.0,0.0,0,87.8364,100 
LinearMotion, 2600,-400,-310,180,0.0,0.0,0,38.1972,100 
LinearMotion, 2600,-450,-310,180,0.0,0.0,0,25,100 
LinearMotion, 2600,-500,-310,180,0.0,0.0,0,51.3432,100 
LinearMotion, 2600,-550,-310,180,0.0,0.0,0,102.129,100 
LinearMotion, 2600,-500,-255,180,0.0,0.0,0,84.6044,100 
LinearMotion, 2600,-450,-255,180,0.0,0.0,0,64.1553,100 
LinearMotion, 2600,-400,-255,180,0.0,0.0,0,74.3997,100 
LinearMotion, 2600,-350,-255,180,0.0,0.0,0,112.932,100 
LinearMotion, 2600,-300,-255,180,0.0,0.0,0,156.659,100 
LinearMotion, 2600,-250,-255,180,0.0,0.0,0,187.008,100 
LinearMotion, 2600,-200,-255,180,0.0,0.0,0,198.481,100 
LinearMotion, 2600,-150,-255,180,0.0,0.0,0,200,100 
LinearMotion, 2550,-150,-265,180,0.0,0.0,0,184.575,100 
LinearMotion, 2550,-200,-315,180,0.0,0.0,0,122.374,100 
LinearMotion, 2550,-250,-265,180,0.0,0.0,0,178.332,100 
LinearMotion, 2550,-300,-315,180,0.0,0.0,0,92.7504,100 
LinearMotion, 2550,-350,-265,180,0.0,0.0,0,117.257,100 
LinearMotion, 2550,-400,-305,180,0.0,0.0,0,28.6323,100 
LinearMotion, 2550,-450,-265,180,0.0,0.0,0,60.8334,100 
LinearMotion, 2550,-500,-305,180,0.0,0.0,0,25,100 
LinearMotion, 2550,-550,-265,180,0.0,0.0,0,111.179,100 
LinearMotion, 2500,-550,-255,180,0.0,0.0,0,123.798,100 
LinearMotion, 2500,-500,-255,180,0.0,0.0,0,91.7737,100 
LinearMotion, 2500,-450,-255,180,0.0,0.0,0,84.6161,100 
LinearMotion, 2500,-400,-255,180,0.0,0.0,0,107.814,100 
LinearMotion, 2500,-350,-255,180,0.0,0.0,0,144.429,100 
LinearMotion, 2500,-300,-255,180,0.0,0.0,0,176.45,100 
LinearMotion, 2500,-250,-255,180,0.0,0.0,0,192.589,100 
LinearMotion, 2500,-200,-255,180,0.0,0.0,0,195.56,100 
LinearMotion, 2500,-150,-255,180,0.0,0.0,0,193.854,100 
LinearMotion, 2450,-150,-265,180,0.0,0.0,0,177.96,100 
LinearMotion, 2450,-200,-315,180,0.0,0.0,0,117.717,100 
LinearMotion, 2450,-250,-265,180,0.0,0.0,0,180.164,100 
LinearMotion, 2450,-300,-315,180,0.0,0.0,0,107.31,100 
LinearMotion, 2450,-350,-265,180,0.0,0.0,0,144.174,100 
LinearMotion, 2450,-400,-310,180,0.0,0.0,0,54.4684,100 
LinearMotion, 2450,-450,-265,180,0.0,0.0,0,84.9281,100 
LinearMotion, 2450,-500,-305,180,0.0,0.0,0,34.6464,100 
LinearMotion, 2450,-550,-265,180,0.0,0.0,0,111.95,100 
LinearMotion, 2400,-550,-255,180,0.0,0.0,0,125.889,100 
LinearMotion, 2400,-500,-255,180,0.0,0.0,0,104.143,100 
LinearMotion, 2400,-450,-255,180,0.0,0.0,0,111.061,100 
LinearMotion, 2400,-400,-255,180,0.0,0.0,0,137.246,100 
LinearMotion, 2400,-350,-255,180,0.0,0.0,0,166.557,100 
LinearMotion, 2400,-300,-255,180,0.0,0.0,0,186.192,100 
LinearMotion, 2400,-250,-255,180,0.0,0.0,0,191.454,100 
LinearMotion, 2400,-200,-255,180,0.0,0.0,0,189.615,100 
LinearMotion, 2400,-150,-255,180,0.0,0.0,0,187.223,100 
LinearMotion, 2350,-150,-265,180,0.0,0.0,0,171.796,100 
LinearMotion, 2350,-200,-315,180,0.0,0.0,0,110.906,100 
LinearMotion, 2350,-250,-265,180,0.0,0.0,0,176.692,100 
LinearMotion, 2350,-300,-315,180,0.0,0.0,0,112.622,100 
LinearMotion, 2350,-350,-265,180,0.0,0.0,0,161.542,100 
LinearMotion, 2350,-400,-315,180,0.0,0.0,0,74.171,100 
LinearMotion, 2350,-450,-265,180,0.0,0.0,0,111.75,100 
LinearMotion, 2350,-500,-310,180,0.0,0.0,0,43.7561,100 
LinearMotion, 2350,-550,-265,180,0.0,0.0,0,115.777,100 
LinearMotion, 2300,-550,-255,180,0.0,0.0,0,131.879,100 
LinearMotion, 2300,-500,-255,180,0.0,0.0,0,122.45,100 
LinearMotion, 2300,-450,-255,180,0.0,0.0,0,136.57,100 
LinearMotion, 2300,-400,-255,180,0.0,0.0,0,159.424,100 
LinearMotion, 2300,-350,-255,180,0.0,0.0,0,179.35,100 
LinearMotion, 2300,-300,-255,180,0.0,0.0,0,187.624,100 
LinearMotion, 2300,-250,-255,180,0.0,0.0,0,186.24,100 
LinearMotion, 2300,-200,-255,180,0.0,0.0,0,182.381,100 
LinearMotion, 2300,-150,-255,180,0.0,0.0,0,182.023,100 
LinearMotion, 2250,-150,-265,180,0.0,0.0,0,168.126,100 
LinearMotion, 2250,-200,-315,180,0.0,0.0,0,103.686,100 
LinearMotion, 2250,-250,-265,180,0.0,0.0,0,170.225,100 
LinearMotion, 2250,-300,-315,180,0.0,0.0,0,111.013,100 
LinearMotion, 2250,-350,-265,180,0.0,0.0,0,170.079,100 
LinearMotion, 2250,-400,-315,180,0.0,0.0,0,92.4275,100 
LinearMotion, 2250,-450,-265,180,0.0,0.0,0,134.987,100 
LinearMotion, 2250,-500,-310,180,0.0,0.0,0,63.929,100 
LinearMotion, 2250,-550,-265,180,0.0,0.0,0,124.071,100 
LinearMotion, 2200,-550,-255,180,0.0,0.0,0,142.451,100 
LinearMotion, 2200,-500,-255,180,0.0,0.0,0,142.987,100 
LinearMotion, 2200,-450,-255,180,0.0,0.0,0,156.932,100 
LinearMotion, 2200,-400,-255,180,0.0,0.0,0,173.662,100 
LinearMotion, 2200,-350,-255,180,0.0,0.0,0,183.97,100 
LinearMotion, 2200,-300,-255,180,0.0,0.0,0,183.712,100 
LinearMotion, 2200,-250,-255,180,0.0,0.0,0,178.994,100 
LinearMotion, 2200,-200,-255,180,0.0,0.0,0,175.668,100 
LinearMotion, 2200,-150,-320,180,0.0,0.0,0,99.1263,100 
LinearMotion, 2200,-200,-255,180,0.0,0.0,0,172.138,100 
LinearMotion, 2200,-250,-255,180,0.0,0.0,0,175.947,100 
LinearMotion, 2200,-300,-255,180,0.0,0.0,0,181.349,100 
LinearMotion, 2200,-350,-255,180,0.0,0.0,0,181.645,100 
LinearMotion, 2200,-400,-255,180,0.0,0.0,0,169.842,100 
LinearMotion, 2200,-450,-255,180,0.0,0.0,0,150.684,100 
LinearMotion, 2200,-500,-255,180,0.0,0.0,0,134.717,100 
LinearMotion, 2200,-550,-255,180,0.0,0.0,0,134.102,100 
LinearMotion, 2250,-550,-265,180,0.0,0.0,0,113.056,100 
LinearMotion, 2250,-500,-300,180,0.0,0.0,0,58.5305,100 
LinearMotion, 2250,-450,-265,180,0.0,0.0,0,125.556,100 
LinearMotion, 2250,-400,-305,180,0.0,0.0,0,91.1631,100 
LinearMotion, 2250,-350,-265,180,0.0,0.0,0,165.739,100 
LinearMotion, 2250,-300,-305,180,0.0,0.0,0,112.445,100 
LinearMotion, 2250,-250,-265,180,0.0,0.0,0,165.905,100 
LinearMotion, 2250,-200,-305,180,0.0,0.0,0,104.055,100 
LinearMotion, 2250,-150,-265,180,0.0,0.0,0,163.502,100 
LinearMotion, 2300,-150,-255,180,0.0,0.0,0,179.415,100 
LinearMotion, 2300,-200,-255,180,0.0,0.0,0,179.825,100 
LinearMotion, 2300,-250,-255,180,0.0,0.0,0,184.244,100 
LinearMotion, 2300,-300,-255,180,0.0,0.0,0,185.829,100 
LinearMotion, 2300,-350,-255,180,0.0,0.0,0,176.354,100 
LinearMotion, 2300,-400,-255,180,0.0,0.0,0,153.538,100 
LinearMotion, 2300,-450,-255,180,0.0,0.0,0,127.369,100 
LinearMotion, 2300,-500,-255,180,0.0,0.0,0,111.201,100 
LinearMotion, 2300,-550,-255,180,0.0,0.0,0,121.997,100 
LinearMotion, 2350,-550,-265,180,0.0,0.0,0,103.56,100 
LinearMotion, 2350,-500,-295,180,0.0,0.0,0,42.6014,100 
LinearMotion, 2350,-450,-265,180,0.0,0.0,0,98.9486,100 
LinearMotion, 2350,-400,-300,180,0.0,0.0,0,77.4284,100 
LinearMotion, 2350,-350,-265,180,0.0,0.0,0,155.963,100 
LinearMotion, 2350,-300,-310,180,0.0,0.0,0,107.117,100 
LinearMotion, 2350,-250,-265,180,0.0,0.0,0,173.311,100 
LinearMotion, 2350,-200,-305,180,0.0,0.0,0,112.322,100 
LinearMotion, 2350,-150,-265,180,0.0,0.0,0,167.705,100 
LinearMotion, 2400,-150,-255,180,0.0,0.0,0,185.369,100 
LinearMotion, 2400,-200,-255,180,0.0,0.0,0,188.108,100 
LinearMotion, 2400,-250,-255,180,0.0,0.0,0,190.214,100 
LinearMotion, 2400,-300,-255,180,0.0,0.0,0,184.189,100 
LinearMotion, 2400,-350,-255,180,0.0,0.0,0,161.706,100 
LinearMotion, 2400,-400,-255,180,0.0,0.0,0,128.142,100 
LinearMotion, 2400,-450,-255,180,0.0,0.0,0,98.1594,100 
LinearMotion, 2400,-500,-255,180,0.0,0.0,0,90.2378,100 
LinearMotion, 2400,-550,-255,180,0.0,0.0,0,115.138,100 
LinearMotion, 2450,-550,-265,180,0.0,0.0,0,99.1774,100 
LinearMotion, 2450,-500,-295,180,0.0,0.0,0,25,100 
LinearMotion, 2450,-450,-265,180,0.0,0.0,0,68.2354,100 
LinearMotion, 2450,-400,-300,180,0.0,0.0,0,47.6974,100 
LinearMotion, 2450,-350,-265,180,0.0,0.0,0,136.075,100 
LinearMotion, 2450,-300,-310,180,0.0,0.0,0,101.034,100 
LinearMotion, 2450,-250,-265,180,0.0,0.0,0,177.286,100 
LinearMotion, 2450,-200,-310,180,0.0,0.0,0,112.951,100 
LinearMotion, 2450,-150,-265,180,0.0,0.0,0,174.762,100 
LinearMotion, 2500,-150,-255,180,0.0,0.0,0,192.962,100 
LinearMotion, 2500,-200,-255,180,0.0,0.0,0,194.916,100 
LinearMotion, 2500,-250,-255,180,0.0,0.0,0,191.514,100 
LinearMotion, 2500,-300,-255,180,0.0,0.0,0,173.033,100 
LinearMotion, 2500,-350,-255,180,0.0,0.0,0,136.368,100 
LinearMotion, 2500,-400,-255,180,0.0,0.0,0,94.4415,100 
LinearMotion, 2500,-450,-255,180,0.0,0.0,0,67.8781,100 
LinearMotion, 2500,-500,-255,180,0.0,0.0,0,76.0739,100 
LinearMotion, 2500,-550,-255,180,0.0,0.0,0,112.744,100 
LinearMotion, 2550,-550,-265,180,0.0,0.0,0,98.2943,100 
LinearMotion, 2550,-500,-285,180,0.0,0.0,0,28.2947,100 
LinearMotion, 2550,-450,-265,180,0.0,0.0,0,40.6454,100 
LinearMotion, 2550,-400,-285,180,0.0,0.0,0,32.4538,100 
LinearMotion, 2550,-350,-265,180,0.0,0.0,0,105.253,100 
LinearMotion, 2550,-300,-305,180,0.0,0.0,0,91.5328,100 
LinearMotion, 2550,-250,-265,180,0.0,0.0,0,175.189,100 
LinearMotion, 2550,-200,-305,180,0.0,0.0,0,125.454,100 
LinearMotion, 2550,-150,-265,180,0.0,0.0,0,182.337,100 
LinearMotion, 2600,-150,-255,180,0.0,0.0,0,200,100 
LinearMotion, 2600,-200,-255,180,0.0,0.0,0,198.26,100 
LinearMotion, 2600,-250,-255,180,0.0,0.0,0,185.124,100 
LinearMotion, 2600,-300,-255,180,0.0,0.0,0,150.372,100 
LinearMotion, 2600,-350,-255,180,0.0,0.0,0,100.302,100 
LinearMotion, 2600,-400,-255,180,0.0,0.0,0,56.1797,100 
LinearMotion, 2600,-450,-255,180,0.0,0.0,0,44.4492,100 
LinearMotion, 2600,-500,-255,180,0.0,0.0,0,67.8646,100 
LinearMotion, 2600,-550,-255,180,0.0,0.0,0,113.007,100 
LinearMotion, 2600,-500,-255,180,0.0,0.0,0,51.3432,100 
LinearMotion, 2600,-450,-255,180,0.0,0.0,0,25,100 
LinearMotion, 2600,-400,-255,180,0.0,0.0,0,38.1972,100 
LinearMotion, 2600,-350,-255,180,0.0,0.0,0,87.8364,100 
LinearMotion, 2600,-300,-255,180,0.0,0.0,0,144.166,100 
LinearMotion, 2600,-250,-255,180,0.0,0.0,0,183.263,100 
LinearMotion, 2600,-200,-255,180,0.0,0.0,0,198.043,100 
LinearMotion, 2600,-150,-255,180,0.0,0.0,0,200,100 
LinearMotion, 2550,-150,-265,180,0.0,0.0,0,180.129,100 
LinearMotion, 2550,-200,-300,180,0.0,0.0,0,124.2,100 
LinearMotion, 2550,-250,-265,180,0.0,0.0,0,172.087,100 
LinearMotion, 2550,-300,-295,180,0.0,0.0,0,94.1042,100 
LinearMotion, 2550,-350,-265,180,0.0,0.0,0,93.4068,100 
LinearMotion, 2550,-400,-270,180,0.0,0.0,0,35.705,100 
LinearMotion, 2550,-450,-260,180,0.0,0.0,0,28.7873,100 
LinearMotion, 2550,-500,-270,180,0.0,0.0,0,31.0258,100 
LinearMotion, 2550,-550,-265,180,0.0,0.0,0,85.5776,100 
LinearMotion, 2500,-550,-255,180,0.0,0.0,0,101.834,100 
LinearMotion, 2500,-500,-255,180,0.0,0.0,0,60.5789,100 
LinearMotion, 2500,-450,-255,180,0.0,0.0,0,51.3583,100 
LinearMotion, 2500,-400,-255,180,0.0,0.0,0,81.2431,100 
LinearMotion, 2500,-350,-255,180,0.0,0.0,0,128.411,100 
LinearMotion, 2500,-300,-255,180,0.0,0.0,0,169.662,100 
LinearMotion, 2500,-250,-255,180,0.0,0.0,0,190.453,100 
LinearMotion, 2500,-200,-255,180,0.0,0.0,0,194.28,100 
LinearMotion, 2500,-150,-255,180,0.0,0.0,0,192.082,100 
LinearMotion, 2450,-150,-265,180,0.0,0.0,0,171.607,100 
LinearMotion, 2450,-200,-300,180,0.0,0.0,0,118.201,100 
LinearMotion, 2450,-250,-265,180,0.0,0.0,0,174.446,100 
LinearMotion, 2450,-300,-300,180,0.0,0.0,0,104.793,100 
LinearMotion, 2450,-350,-265,180,0.0,0.0,0,128.082,100 
LinearMotion, 2450,-400,-280,180,0.0,0.0,0,60.9213,100 
LinearMotion, 2450,-450,-265,180,0.0,0.0,0,51.7603,100 
LinearMotion, 2450,-500,-275,180,0.0,0.0,0,35.3859,100 
LinearMotion, 2450,-550,-265,180,0.0,0.0,0,86.5711,100 
LinearMotion, 2400,-550,-255,180,0.0,0.0,0,104.527,100 
LinearMotion, 2400,-500,-255,180,0.0,0.0,0,76.5138,100 
LinearMotion, 2400,-450,-255,180,0.0,0.0,0,85.4259,100 
LinearMotion, 2400,-400,-255,180,0.0,0.0,0,119.157,100 
LinearMotion, 2400,-350,-255,180,0.0,0.0,0,156.917,100 
LinearMotion, 2400,-300,-255,180,0.0,0.0,0,182.212,100 
LinearMotion, 2400,-250,-255,180,0.0,0.0,0,188.99,100 
LinearMotion, 2400,-200,-255,180,0.0,0.0,0,186.621,100 
LinearMotion, 2400,-150,-255,180,0.0,0.0,0,183.54,100 
LinearMotion, 2350,-150,-265,180,0.0,0.0,0,163.667,100 
LinearMotion, 2350,-200,-300,180,0.0,0.0,0,109.426,100 
LinearMotion, 2350,-250,-265,180,0.0,0.0,0,169.974,100 
LinearMotion, 2350,-300,-300,180,0.0,0.0,0,111.637,100 
LinearMotion, 2350,-350,-265,180,0.0,0.0,0,150.457,100 
LinearMotion, 2350,-400,-295,180,0.0,0.0,0,70.1695,100 
LinearMotion, 2350,-450,-265,180,0.0,0.0,0,86.3137,100 
LinearMotion, 2350,-500,-280,180,0.0,0.0,0,47.1214,100 
LinearMotion, 2350,-550,-265,180,0.0,0.0,0,91.5014,100 
LinearMotion, 2300,-550,-255,180,0.0,0.0,0,112.244,100 
LinearMotion, 2300,-500,-255,180,0.0,0.0,0,100.098,100 
LinearMotion, 2300,-450,-255,180,0.0,0.0,0,118.287,100 
LinearMotion, 2300,-400,-255,180,0.0,0.0,0,147.729,100 
LinearMotion, 2300,-350,-255,180,0.0,0.0,0,173.397,100 
LinearMotion, 2300,-300,-255,180,0.0,0.0,0,184.057,100 
LinearMotion, 2300,-250,-255,180,0.0,0.0,0,182.274,100 
LinearMotion, 2300,-200,-255,180,0.0,0.0,0,177.303,100 
LinearMotion, 2300,-150,-255,180,0.0,0.0,0,176.842,100 
LinearMotion, 2250,-150,-265,180,0.0,0.0,0,158.938,100 
LinearMotion, 2250,-200,-300,180,0.0,0.0,0,100.125,100 
LinearMotion, 2250,-250,-265,180,0.0,0.0,0,161.642,100 
LinearMotion, 2250,-300,-300,180,0.0,0.0,0,109.564,100 
LinearMotion, 2250,-350,-265,180,0.0,0.0,0,161.455,100 
LinearMotion, 2250,-400,-295,180,0.0,0.0,0,93.6882,100 
LinearMotion, 2250,-450,-265,180,0.0,0.0,0,116.248,100 
LinearMotion, 2250,-500,-290,180,0.0,0.0,0,56.9754,100 
LinearMotion, 2250,-550,-265,180,0.0,0.0,0,102.185,100 
LinearMotion, 2200,-550,-255,180,0.0,0.0,0,125.863,100 
LinearMotion, 2200,-500,-255,180,0.0,0.0,0,126.554,100 
LinearMotion, 2200,-450,-255,180,0.0,0.0,0,144.518,100 
LinearMotion, 2200,-400,-255,180,0.0,0.0,0,166.071,100 
LinearMotion, 2200,-350,-255,180,0.0,0.0,0,179.35,100 
LinearMotion, 2200,-300,-255,180,0.0,0.0,0,179.017,100 
LinearMotion, 2200,-250,-255,180,0.0,0.0,0,172.94,100 
LinearMotion, 2200,-200,-255,180,0.0,0.0,0,168.654,100 
LinearMotion, 2200,-150,-255,180,0.0,0.0,0,174.918,100 
LinearMotion, 2200,-200,-255,180,0.0,0.0,0,165.471,100 
LinearMotion, 2200,-250,-255,180,0.0,0.0,0,170.192,100 
LinearMotion, 2200,-300,-255,180,0.0,0.0,0,176.886,100 
LinearMotion, 2200,-350,-255,180,0.0,0.0,0,177.253,100 
LinearMotion, 2200,-400,-255,180,0.0,0.0,0,162.625,100 
LinearMotion, 2200,-450,-255,180,0.0,0.0,0,138.884,100 
LinearMotion, 2200,-500,-255,180,0.0,0.0,0,119.096,100 
LinearMotion, 2200,-550,-255,180,0.0,0.0,0,118.334,100 
LinearMotion, 2250,-550,-265,180,0.0,0.0,0,92.2516,100 
LinearMotion, 2250,-500,-285,180,0.0,0.0,0,51.3367,100 
LinearMotion, 2250,-450,-265,180,0.0,0.0,0,107.743,100 
LinearMotion, 2250,-400,-290,180,0.0,0.0,0,91.7778,100 
LinearMotion, 2250,-350,-265,180,0.0,0.0,0,157.54,100 
LinearMotion, 2250,-300,-295,180,0.0,0.0,0,109.266,100 
LinearMotion, 2250,-250,-265,180,0.0,0.0,0,157.747,100 
LinearMotion, 2250,-200,-295,180,0.0,0.0,0,98.8683,100 
LinearMotion, 2250,-150,-265,180,0.0,0.0,0,154.768,100 
LinearMotion, 2300,-150,-255,180,0.0,0.0,0,174.49,100 
LinearMotion, 2300,-200,-255,180,0.0,0.0,0,174.998,100 
LinearMotion, 2300,-250,-255,180,0.0,0.0,0,180.474,100 
LinearMotion, 2300,-300,-255,180,0.0,0.0,0,182.437,100 
LinearMotion, 2300,-350,-255,180,0.0,0.0,0,170.696,100 
LinearMotion, 2300,-400,-255,180,0.0,0.0,0,142.42,100 
LinearMotion, 2300,-450,-255,180,0.0,0.0,0,109.989,100 
LinearMotion, 2300,-500,-255,180,0.0,0.0,0,89.9521,100 
LinearMotion, 2300,-550,-255,180,0.0,0.0,0,103.332,100 
LinearMotion, 2350,-550,-265,180,0.0,0.0,0,80.4829,100 
LinearMotion, 2350,-500,-270,180,0.0,0.0,0,49.3679,100 
LinearMotion, 2350,-450,-265,180,0.0,0.0,0,74.7684,100 
LinearMotion, 2350,-400,-285,180,0.0,0.0,0,74.7566,100 
LinearMotion, 2350,-350,-265,180,0.0,0.0,0,145.426,100 
LinearMotion, 2350,-300,-290,180,0.0,0.0,0,120.435,100 
LinearMotion, 2350,-250,-265,180,0.0,0.0,0,166.925,100 
LinearMotion, 2350,-200,-295,180,0.0,0.0,0,109.114,100 
LinearMotion, 2350,-150,-265,180,0.0,0.0,0,159.977,100 
LinearMotion, 2400,-150,-255,180,0.0,0.0,0,181.868,100 
LinearMotion, 2400,-200,-255,180,0.0,0.0,0,185.263,100 
LinearMotion, 2400,-250,-255,180,0.0,0.0,0,187.872,100 
LinearMotion, 2400,-300,-255,180,0.0,0.0,0,180.405,100 
LinearMotion, 2400,-350,-255,180,0.0,0.0,0,152.542,100 
LinearMotion, 2400,-400,-255,180,0.0,0.0,0,110.948,100 
LinearMotion, 2400,-450,-255,180,0.0,0.0,0,73.7905,100 
LinearMotion, 2400,-500,-255,180,0.0,0.0,0,63.9733,100 
LinearMotion, 2400,-550,-255,180,0.0,0.0,0,94.8315,100 
LinearMotion, 2450,-550,-265,180,0.0,0.0,0,75.0519,100 
LinearMotion, 2450,-500,-260,180,0.0,0.0,0,45.3266,100 
LinearMotion, 2450,-450,-260,180,0.0,0.0,0,45.5919,100 
LinearMotion, 2450,-400,-270,180,0.0,0.0,0,64.5692,100 
LinearMotion, 2450,-350,-265,180,0.0,0.0,0,120.779,100 
LinearMotion, 2450,-300,-295,180,0.0,0.0,0,104.011,100 
LinearMotion, 2450,-250,-265,180,0.0,0.0,0,171.851,100 
LinearMotion, 2450,-200,-295,180,0.0,0.0,0,118.78,100 
LinearMotion, 2450,-150,-265,180,0.0,0.0,0,168.724,100 
LinearMotion, 2500,-150,-255,180,0.0,0.0,0,191.278,100 
LinearMotion, 2500,-200,-255,180,0.0,0.0,0,193.699,100 
LinearMotion, 2500,-250,-255,180,0.0,0.0,0,189.484,100 
LinearMotion, 2500,-300,-255,180,0.0,0.0,0,166.581,100 
LinearMotion, 2500,-350,-255,180,0.0,0.0,0,121.141,100 
LinearMotion, 2500,-400,-255,180,0.0,0.0,0,69.1829,100 
LinearMotion, 2500,-450,-250,180,0.0,0.0,0,45.1492,100 
LinearMotion, 2500,-500,-250,180,0.0,0.0,0,55.3062,100 
LinearMotion, 2500,-550,-255,180,0.0,0.0,0,91.8647,100 
LinearMotion, 2550,-550,-260,180,0.0,0.0,0,82.8435,100 
LinearMotion, 2550,-500,-250,180,0.0,0.0,0,49.4096,100 
LinearMotion, 2550,-450,-245,180,0.0,0.0,0,38.0579,100 
LinearMotion, 2550,-400,-255,180,0.0,0.0,0,45.6781,100 
LinearMotion, 2550,-350,-260,180,0.0,0.0,0,91.4679,100 
LinearMotion, 2550,-300,-285,180,0.0,0.0,0,101.122,100 
LinearMotion, 2550,-250,-265,180,0.0,0.0,0,169.252,100 
LinearMotion, 2550,-200,-295,180,0.0,0.0,0,125.388,100 
LinearMotion, 2550,-150,-265,180,0.0,0.0,0,178.111,100 
LinearMotion, 2600,-150,-255,180,0.0,0.0,0,200,100 
LinearMotion, 2600,-200,-255,180,0.0,0.0,0,197.844,100 
LinearMotion, 2600,-250,-255,180,0.0,0.0,0,181.564,100 
LinearMotion, 2600,-300,-255,180,0.0,0.0,0,138.496,100 
LinearMotion, 2600,-350,-255,180,0.0,0.0,0,76.4457,100 
LinearMotion, 2600,-400,-250,180,0.0,0.0,0,30.6515,100 
LinearMotion, 2600,-450,-245,180,0.0,0.0,0,25,100 
LinearMotion, 2600,-500,-250,180,0.0,0.0,0,45.1325,100 
LinearMotion, 2600,-550,-255,180,0.0,0.0,0,92.1903,100 
LinearMotion, 2600,-500,-240,180,0.0,0.0,0,47.4081,100 
LinearMotion, 2600,-450,-235,180,0.0,0.0,0,25,100 
LinearMotion, 2600,-400,-240,180,0.0,0.0,0,31.2903,100 
LinearMotion, 2600,-350,-250,180,0.0,0.0,0,72.3704,100 
LinearMotion, 2600,-300,-255,180,0.0,0.0,0,131.544,100 
LinearMotion, 2600,-250,-255,180,0.0,0.0,0,179.48,100 
LinearMotion, 2600,-200,-255,180,0.0,0.0,0,197.6,100 
LinearMotion, 2600,-150,-255,180,0.0,0.0,0,200,100 
LinearMotion, 2550,-150,-265,180,0.0,0.0,0,175.636,100 
LinearMotion, 2550,-200,-290,180,0.0,0.0,0,126.845,100 
LinearMotion, 2550,-250,-265,180,0.0,0.0,0,165.777,100 
LinearMotion, 2550,-300,-280,180,0.0,0.0,0,99.8359,100 
LinearMotion, 2550,-350,-250,180,0.0,0.0,0,98.9809,100 
LinearMotion, 2550,-400,-240,180,0.0,0.0,0,57.9057,100 
LinearMotion, 2550,-450,-230,180,0.0,0.0,0,49.4242,100 
LinearMotion, 2550,-500,-235,180,0.0,0.0,0,62.0591,100 
LinearMotion, 2550,-550,-255,180,0.0,0.0,0,79.4914,100 
LinearMotion, 2500,-550,-250,180,0.0,0.0,0,89.5323,100 
LinearMotion, 2500,-500,-240,180,0.0,0.0,0,58.7317,100 
LinearMotion, 2500,-450,-235,180,0.0,0.0,0,57.317,100 
LinearMotion, 2500,-400,-245,180,0.0,0.0,0,74.177,100 
LinearMotion, 2500,-350,-255,180,0.0,0.0,0,112.228,100 
LinearMotion, 2500,-300,-255,180,0.0,0.0,0,162.803,100 
LinearMotion, 2500,-250,-255,180,0.0,0.0,0,188.295,100 
LinearMotion, 2500,-200,-255,180,0.0,0.0,0,192.987,100 
LinearMotion, 2500,-150,-255,180,0.0,0.0,0,190.292,100 
LinearMotion, 2450,-150,-265,180,0.0,0.0,0,165.188,100 
LinearMotion, 2450,-200,-290,180,0.0,0.0,0,119.489,100 
LinearMotion, 2450,-250,-265,180,0.0,0.0,0,168.669,100 
LinearMotion, 2450,-300,-280,180,0.0,0.0,0,122.832,100 
LinearMotion, 2450,-350,-265,180,0.0,0.0,0,111.824,100 
LinearMotion, 2450,-400,-255,180,0.0,0.0,0,78.9322,100 
LinearMotion, 2450,-450,-240,180,0.0,0.0,0,67.7002,100 
LinearMotion, 2450,-500,-250,180,0.0,0.0,0,47.6242,100 
LinearMotion, 2450,-550,-260,180,0.0,0.0,0,70.8191,100 
LinearMotion, 2400,-550,-255,180,0.0,0.0,0,82.9441,100 
LinearMotion, 2400,-500,-250,180,0.0,0.0,0,58.4882,100 
LinearMotion, 2400,-450,-250,180,0.0,0.0,0,69.415,100 
LinearMotion, 2400,-400,-255,180,0.0,0.0,0,100.882,100 
LinearMotion, 2400,-350,-255,180,0.0,0.0,0,147.178,100 
LinearMotion, 2400,-300,-255,180,0.0,0.0,0,178.19,100 
LinearMotion, 2400,-250,-255,180,0.0,0.0,0,186.501,100 
LinearMotion, 2400,-200,-255,180,0.0,0.0,0,183.597,100 
LinearMotion, 2400,-150,-255,180,0.0,0.0,0,179.819,100 
LinearMotion, 2350,-150,-265,180,0.0,0.0,0,155.453,100 
LinearMotion, 2350,-200,-285,180,0.0,0.0,0,118.621,100 
LinearMotion, 2350,-250,-265,180,0.0,0.0,0,163.187,100 
LinearMotion, 2350,-300,-285,180,0.0,0.0,0,121.332,100 
LinearMotion, 2350,-350,-265,180,0.0,0.0,0,139.257,100 
LinearMotion, 2350,-400,-275,180,0.0,0.0,0,80.3807,100 
LinearMotion, 2350,-450,-260,180,0.0,0.0,0,70.5035,100 
LinearMotion, 2350,-500,-260,180,0.0,0.0,0,52.1223,100 
LinearMotion, 2350,-550,-265,180,0.0,0.0,0,66.9736,100 
LinearMotion, 2300,-550,-255,180,0.0,0.0,0,92.405,100 
LinearMotion, 2300,-500,-255,180,0.0,0.0,0,77.5131,100 
LinearMotion, 2300,-450,-255,180,0.0,0.0,0,99.8151,100 
LinearMotion, 2300,-400,-255,180,0.0,0.0,0,135.912,100 
LinearMotion, 2300,-350,-255,180,0.0,0.0,0,167.384,100 
LinearMotion, 2300,-300,-255,180,0.0,0.0,0,180.452,100 
LinearMotion, 2300,-250,-255,180,0.0,0.0,0,178.267,100 
LinearMotion, 2300,-200,-255,180,0.0,0.0,0,172.172,100 
LinearMotion, 2300,-150,-255,180,0.0,0.0,0,171.606,100 
LinearMotion, 2250,-150,-265,180,0.0,0.0,0,149.655,100 
LinearMotion, 2250,-200,-290,180,0.0,0.0,0,97.3274,100 
LinearMotion, 2250,-250,-265,180,0.0,0.0,0,152.971,100 
LinearMotion, 2250,-300,-290,180,0.0,0.0,0,108.901,100 
LinearMotion, 2250,-350,-265,180,0.0,0.0,0,152.741,100 
LinearMotion, 2250,-400,-280,180,0.0,0.0,0,99.3259,100 
LinearMotion, 2250,-450,-265,180,0.0,0.0,0,97.3146,100 
LinearMotion, 2250,-500,-275,180,0.0,0.0,0,54.3136,100 
LinearMotion, 2250,-550,-265,180,0.0,0.0,0,80.0725,100 
LinearMotion, 2200,-550,-255,180,0.0,0.0,0,109.103,100 
LinearMotion, 2200,-500,-255,180,0.0,0.0,0,109.951,100 
LinearMotion, 2200,-450,-255,180,0.0,0.0,0,131.976,100 
LinearMotion, 2200,-400,-255,180,0.0,0.0,0,158.401,100 
LinearMotion, 2200,-350,-255,180,0.0,0.0,0,174.682,100 
LinearMotion, 2200,-300,-255,180,0.0,0.0,0,174.274,100 
LinearMotion, 2200,-250,-255,180,0.0,0.0,0,166.822,100 
LinearMotion, 2200,-200,-255,180,0.0,0.0,0,161.568,100 
LinearMotion, 2200,-150,-255,180,0.0,0.0,0,169.248,100 
LinearMotion, 2200,-200,-255,180,0.0,0.0,0,151.628,100 
LinearMotion, 2200,-250,-255,180,0.0,0.0,0,158.241,100 
LinearMotion, 2200,-300,-255,180,0.0,0.0,0,167.62,100 
LinearMotion, 2200,-350,-255,180,0.0,0.0,0,168.133,100 
LinearMotion, 2200,-400,-255,180,0.0,0.0,0,147.641,100 
LinearMotion, 2200,-450,-255,180,0.0,0.0,0,114.382,100 
LinearMotion, 2200,-500,-255,180,0.0,0.0,0,86.6605,100 
LinearMotion, 2200,-550,-255,180,0.0,0.0,0,85.5933,100 
LinearMotion, 2250,-550,-265,180,0.0,0.0,0,49.0542,100 
LinearMotion, 2250,-500,-265,180,0.0,0.0,0,41.5297,100 
LinearMotion, 2250,-450,-260,180,0.0,0.0,0,83.2042,100 
LinearMotion, 2250,-400,-270,180,0.0,0.0,0,98.184,100 
LinearMotion, 2250,-350,-265,180,0.0,0.0,0,140.518,100 
LinearMotion, 2250,-300,-280,180,0.0,0.0,0,110.235,100 
LinearMotion, 2250,-250,-265,180,0.0,0.0,0,140.807,100 
LinearMotion, 2250,-200,-280,180,0.0,0.0,0,95.6688,100 
LinearMotion, 2250,-150,-265,180,0.0,0.0,0,136.634,100 
LinearMotion, 2300,-150,-255,180,0.0,0.0,0,164.263,100 
LinearMotion, 2300,-200,-255,180,0.0,0.0,0,164.974,100 
LinearMotion, 2300,-250,-255,180,0.0,0.0,0,172.645,100 
LinearMotion, 2300,-300,-255,180,0.0,0.0,0,175.397,100 
LinearMotion, 2300,-350,-255,180,0.0,0.0,0,158.947,100 
LinearMotion, 2300,-400,-255,180,0.0,0.0,0,119.336,100 
LinearMotion, 2300,-450,-255,180,0.0,0.0,0,73.903,100 
LinearMotion, 2300,-500,-255,180,0.0,0.0,0,45.8328,100 
LinearMotion, 2300,-550,-255,180,0.0,0.0,0,64.5764,100 
LinearMotion, 2350,-550,-260,180,0.0,0.0,0,45.0158,100 
LinearMotion, 2350,-500,-245,180,0.0,0.0,0,51.22,100 
LinearMotion, 2350,-450,-250,180,0.0,0.0,0,61.907,100 
LinearMotion, 2350,-400,-265,180,0.0,0.0,0,74.3389,100 
LinearMotion, 2350,-350,-265,180,0.0,0.0,0,123.547,100 
LinearMotion, 2350,-300,-280,180,0.0,0.0,0,113.434,100 
LinearMotion, 2350,-250,-265,180,0.0,0.0,0,153.665,100 
LinearMotion, 2350,-200,-280,180,0.0,0.0,0,110.022,100 
LinearMotion, 2350,-150,-265,180,0.0,0.0,0,143.932,100 
LinearMotion, 2400,-150,-255,180,0.0,0.0,0,174.599,100 
LinearMotion, 2400,-200,-255,180,0.0,0.0,0,179.354,100 
LinearMotion, 2400,-250,-255,180,0.0,0.0,0,183.01,100 
LinearMotion, 2400,-300,-255,180,0.0,0.0,0,172.549,100 
LinearMotion, 2400,-350,-255,180,0.0,0.0,0,133.516,100 
LinearMotion, 2400,-400,-250,180,0.0,0.0,0,87.694,100 
LinearMotion, 2400,-450,-245,180,0.0,0.0,0,48.0886,100 
LinearMotion, 2400,-500,-235,180,0.0,0.0,0,59.2325,100 
LinearMotion, 2400,-550,-250,180,0.0,0.0,0,65.1168,100 
LinearMotion, 2450,-550,-250,180,0.0,0.0,0,62.3042,100 
LinearMotion, 2450,-500,-235,180,0.0,0.0,0,45.5585,100 
LinearMotion, 2450,-450,-235,180,0.0,0.0,0,45.9302,100 
LinearMotion, 2450,-400,-250,180,0.0,0.0,0,60.0673,100 
LinearMotion, 2450,-350,-260,180,0.0,0.0,0,101.467,100 
LinearMotion, 2450,-300,-275,180,0.0,0.0,0,115.321,100 
LinearMotion, 2450,-250,-265,180,0.0,0.0,0,160.566,100 
LinearMotion, 2450,-200,-285,180,0.0,0.0,0,111.114,100 
LinearMotion, 2450,-150,-265,180,0.0,0.0,0,156.184,100 
LinearMotion, 2500,-150,-255,180,0.0,0.0,0,187.782,100 
LinearMotion, 2500,-200,-255,180,0.0,0.0,0,191.173,100 
LinearMotion, 2500,-250,-255,180,0.0,0.0,0,185.268,100 
LinearMotion, 2500,-300,-255,180,0.0,0.0,0,153.182,100 
LinearMotion, 2500,-350,-245,180,0.0,0.0,0,114.423,100 
LinearMotion, 2500,-400,-235,180,0.0,0.0,0,66.5307,100 
LinearMotion, 2500,-450,-220,180,0.0,0.0,0,57.7584,100 
LinearMotion, 2500,-500,-225,180,0.0,0.0,0,59.539,100 
LinearMotion, 2500,-550,-245,180,0.0,0.0,0,73.409,100 
LinearMotion, 2550,-550,-245,180,0.0,0.0,0,73.2196,100 
LinearMotion, 2550,-500,-220,180,0.0,0.0,0,63.7269,100 
LinearMotion, 2550,-450,-215,180,0.0,0.0,0,47.8241,100 
LinearMotion, 2550,-400,-225,180,0.0,0.0,0,58.4993,100 
LinearMotion, 2550,-350,-245,180,0.0,0.0,0,85.3015,100 
LinearMotion, 2550,-300,-270,180,0.0,0.0,0,98.826,100 
LinearMotion, 2550,-250,-265,180,0.0,0.0,0,156.925,100 
LinearMotion, 2550,-200,-280,180,0.0,0.0,0,132.821,100 
LinearMotion, 2550,-150,-265,180,0.0,0.0,0,169.335,100 
LinearMotion, 2600,-150,-255,180,0.0,0.0,0,200,100 
LinearMotion, 2600,-200,-255,180,0.0,0.0,0,196.98,100 
LinearMotion, 2600,-250,-255,180,0.0,0.0,0,174.173,100 
LinearMotion, 2600,-300,-255,180,0.0,0.0,0,113.839,100 
LinearMotion, 2600,-350,-245,180,0.0,0.0,0,51.8084,100 
LinearMotion, 2600,-400,-225,180,0.0,0.0,0,25,100 
LinearMotion, 2600,-450,-215,180,0.0,0.0,0,29.5312,100 
LinearMotion, 2600,-500,-225,180,0.0,0.0,0,45.2865,100 
LinearMotion, 2600,-550,-250,180,0.0,0.0,0,61.4167,100 
LinearMotion, 2600,-500,-215,180,0.0,0.0,0,48.6513,100 
LinearMotion, 2600,-450,-205,180,0.0,0.0,0,30.2827,100 
LinearMotion, 2600,-400,-215,180,0.0,0.0,0,25,100 
LinearMotion, 2600,-350,-230,180,0.0,0.0,0,70.7681,100 
LinearMotion, 2600,-300,-250,180,0.0,0.0,0,114.061,100 
LinearMotion, 2600,-250,-255,180,0.0,0.0,0,169.889,100 
LinearMotion, 2600,-200,-255,180,0.0,0.0,0,196.479,100 
LinearMotion, 2600,-150,-255,180,0.0,0.0,0,200,100 
LinearMotion, 2550,-150,-265,180,0.0,0.0,0,164.249,100 
LinearMotion, 2550,-200,-275,180,0.0,0.0,0,136.191,100 
LinearMotion, 2550,-250,-265,180,0.0,0.0,0,149.78,100 
LinearMotion, 2550,-300,-265,180,0.0,0.0,0,96.5579,100 
LinearMotion, 2550,-350,-225,180,0.0,0.0,0,124.33,100 
LinearMotion, 2550,-400,-210,180,0.0,0.0,0,78.5688,100 
LinearMotion, 2550,-450,-200,180,0.0,0.0,0,66.123,100 
LinearMotion, 2550,-500,-205,180,0.0,0.0,0,84.6634,100 
LinearMotion, 2550,-550,-235,180,0.0,0.0,0,81.2175,100 
LinearMotion, 2500,-550,-230,180,0.0,0.0,0,95.9515,100 
LinearMotion, 2500,-500,-210,180,0.0,0.0,0,79.7809,100 
LinearMotion, 2500,-450,-205,180,0.0,0.0,0,77.705,100 
LinearMotion, 2500,-400,-220,180,0.0,0.0,0,87.9323,100 
LinearMotion, 2500,-350,-235,180,0.0,0.0,0,129.255,100 
LinearMotion, 2500,-300,-255,180,0.0,0.0,0,145.417,100 
LinearMotion, 2500,-250,-255,180,0.0,0.0,0,182.824,100 
LinearMotion, 2500,-200,-255,180,0.0,0.0,0,189.709,100 
LinearMotion, 2500,-150,-255,180,0.0,0.0,0,185.755,100 
LinearMotion, 2450,-150,-265,180,0.0,0.0,0,148.917,100 
LinearMotion, 2450,-200,-280,180,0.0,0.0,0,110.885,100 
LinearMotion, 2450,-250,-265,180,0.0,0.0,0,154.025,100 
LinearMotion, 2450,-300,-265,180,0.0,0.0,0,130.302,100 
LinearMotion, 2450,-350,-250,180,0.0,0.0,0,114.15,100 
LinearMotion, 2450,-400,-235,180,0.0,0.0,0,80.3969,100 
LinearMotion, 2450,-450,-215,180,0.0,0.0,0,78.4281,100 
LinearMotion, 2450,-500,-220,180,0.0,0.0,0,63.4816,100 
LinearMotion, 2450,-550,-240,180,0.0,0.0,0,68.4917,100 
LinearMotion, 2400,-550,-245,180,0.0,0.0,0,57.2577,100 
LinearMotion, 2400,-500,-225,180,0.0,0.0,0,64.9104,100 
LinearMotion, 2400,-450,-230,180,0.0,0.0,0,66.4313,100 
LinearMotion, 2400,-400,-240,180,0.0,0.0,0,98.0927,100 
LinearMotion, 2400,-350,-250,180,0.0,0.0,0,137.002,100 
LinearMotion, 2400,-300,-255,180,0.0,0.0,0,167.996,100 
LinearMotion, 2400,-250,-255,180,0.0,0.0,0,180.192,100 
LinearMotion, 2400,-200,-255,180,0.0,0.0,0,175.93,100 
LinearMotion, 2400,-150,-255,180,0.0,0.0,0,170.386,100 
LinearMotion, 2350,-150,-265,180,0.0,0.0,0,134.632,100 
LinearMotion, 2350,-200,-275,180,0.0,0.0,0,109.611,100 
LinearMotion, 2350,-250,-265,180,0.0,0.0,0,145.98,100 
LinearMotion, 2350,-300,-270,180,0.0,0.0,0,128.102,100 
LinearMotion, 2350,-350,-260,180,0.0,0.0,0,125.379,100 
LinearMotion, 2350,-400,-250,180,0.0,0.0,0,97.0356,100 
LinearMotion, 2350,-450,-240,180,0.0,0.0,0,68.0286,100 
LinearMotion, 2350,-500,-230,180,0.0,0.0,0,70.0821,100 
LinearMotion, 2350,-550,-250,180,0.0,0.0,0,48.3357,100 
LinearMotion, 2300,-550,-245,180,0.0,0.0,0,71.1407,100 
LinearMotion, 2300,-500,-240,180,0.0,0.0,0,63.8014,100 
LinearMotion, 2300,-450,-245,180,0.0,0.0,0,82.0143,100 
LinearMotion, 2300,-400,-250,180,0.0,0.0,0,120.47,100 
LinearMotion, 2300,-350,-255,180,0.0,0.0,0,152.138,100 
LinearMotion, 2300,-300,-255,180,0.0,0.0,0,171.316,100 
LinearMotion, 2300,-250,-255,180,0.0,0.0,0,168.108,100 
LinearMotion, 2300,-200,-255,180,0.0,0.0,0,159.164,100 
LinearMotion, 2300,-150,-255,180,0.0,0.0,0,158.335,100 
LinearMotion, 2250,-150,-265,180,0.0,0.0,0,126.124,100 
LinearMotion, 2250,-200,-275,180,0.0,0.0,0,92.8771,100 
LinearMotion, 2250,-250,-265,180,0.0,0.0,0,130.989,100 
LinearMotion, 2250,-300,-275,180,0.0,0.0,0,109.86,100 
LinearMotion, 2250,-350,-265,180,0.0,0.0,0,130.652,100 
LinearMotion, 2250,-400,-265,180,0.0,0.0,0,95.8095,100 
LinearMotion, 2250,-450,-250,180,0.0,0.0,0,92.8582,100 
LinearMotion, 2250,-500,-250,180,0.0,0.0,0,58.7845,100 
LinearMotion, 2250,-550,-255,180,0.0,0.0,0,53.0439,100 
LinearMotion, 2200,-550,-255,180,0.0,0.0,0,66.6173,100 
LinearMotion, 2200,-500,-255,180,0.0,0.0,0,67.8614,100 
LinearMotion, 2200,-450,-255,180,0.0,0.0,0,100.181,100 
LinearMotion, 2200,-400,-255,180,0.0,0.0,0,138.957,100 
LinearMotion, 2200,-350,-255,180,0.0,0.0,0,162.848,100 
LinearMotion, 2200,-300,-255,180,0.0,0.0,0,162.249,100 
LinearMotion, 2200,-250,-255,180,0.0,0.0,0,151.315,100 
LinearMotion, 2200,-200,-255,180,0.0,0.0,0,143.605,100 
LinearMotion, 2200,-150,-255,180,0.0,0.0,0,154.875,100 
LinearMotion, 2200,-200,-255,180,0.0,0.0,0,116.975,100 
LinearMotion, 2200,-250,-255,180,0.0,0.0,0,128.326,100 
LinearMotion, 2200,-300,-255,180,0.0,0.0,0,144.423,100 
LinearMotion, 2200,-350,-255,180,0.0,0.0,0,145.304,100 
LinearMotion, 2200,-400,-255,180,0.0,0.0,0,110.132,100 
LinearMotion, 2200,-450,-255,180,0.0,0.0,0,53.0459,100 
LinearMotion, 2200,-500,-250,180,0.0,0.0,0,26.8317,100 
LinearMotion, 2200,-550,-250,180,0.0,0.0,0,25,100 
LinearMotion, 2250,-550,-245,180,0.0,0.0,0,26.3836,100 
LinearMotion, 2250,-500,-240,180,0.0,0.0,0,34.8349,100 
LinearMotion, 2250,-450,-240,180,0.0,0.0,0,84.9982,100 
LinearMotion, 2250,-400,-255,180,0.0,0.0,0,89.3432,100 
LinearMotion, 2250,-350,-260,180,0.0,0.0,0,119.272,100 
LinearMotion, 2250,-300,-270,180,0.0,0.0,0,88.6616,100 
LinearMotion, 2250,-250,-265,180,0.0,0.0,0,98.4019,100 
LinearMotion, 2250,-200,-270,180,0.0,0.0,0,63.6597,100 
LinearMotion, 2250,-150,-265,180,0.0,0.0,0,91.2398,100 
LinearMotion, 2300,-150,-255,180,0.0,0.0,0,138.661,100 
LinearMotion, 2300,-200,-255,180,0.0,0.0,0,139.882,100 
LinearMotion, 2300,-250,-255,180,0.0,0.0,0,153.049,100 
LinearMotion, 2300,-300,-255,180,0.0,0.0,0,157.771,100 
LinearMotion, 2300,-350,-255,180,0.0,0.0,0,129.538,100 
LinearMotion, 2300,-400,-245,180,0.0,0.0,0,104.282,100 
LinearMotion, 2300,-450,-235,180,0.0,0.0,0,69.0338,100 
LinearMotion, 2300,-500,-230,180,0.0,0.0,0,42.2207,100 
LinearMotion, 2300,-550,-235,180,0.0,0.0,0,53.0256,100 
LinearMotion, 2350,-550,-235,180,0.0,0.0,0,40.8184,100 
LinearMotion, 2350,-500,-220,180,0.0,0.0,0,51.4673,100 
LinearMotion, 2350,-450,-230,180,0.0,0.0,0,48.444,100 
LinearMotion, 2350,-400,-240,180,0.0,0.0,0,91.1482,100 
LinearMotion, 2350,-350,-255,180,0.0,0.0,0,111.509,100 
LinearMotion, 2350,-300,-265,180,0.0,0.0,0,115.518,100 
LinearMotion, 2350,-250,-260,180,0.0,0.0,0,141.838,100 
LinearMotion, 2350,-200,-270,180,0.0,0.0,0,88.2948,100 
LinearMotion, 2350,-150,-265,180,0.0,0.0,0,103.765,100 
LinearMotion, 2400,-150,-255,180,0.0,0.0,0,156.402,100 
LinearMotion, 2400,-200,-255,180,0.0,0.0,0,164.564,100 
LinearMotion, 2400,-250,-255,180,0.0,0.0,0,170.838,100 
LinearMotion, 2400,-300,-255,180,0.0,0.0,0,152.884,100 
LinearMotion, 2400,-350,-250,180,0.0,0.0,0,107.254,100 
LinearMotion, 2400,-400,-230,180,0.0,0.0,0,92.7045,100 
LinearMotion, 2400,-450,-220,180,0.0,0.0,0,46.0925,100 
LinearMotion, 2400,-500,-215,180,0.0,0.0,0,43.8535,100 
LinearMotion, 2400,-550,-225,180,0.0,0.0,0,75.3196,100 
LinearMotion, 2450,-550,-225,180,0.0,0.0,0,70.4921,100 
LinearMotion, 2450,-500,-205,180,0.0,0.0,0,63.1162,100 
LinearMotion, 2450,-450,-205,180,0.0,0.0,0,63.7542,100 
LinearMotion, 2450,-400,-225,180,0.0,0.0,0,66.6526,100 
LinearMotion, 2450,-350,-245,180,0.0,0.0,0,94.9779,100 
LinearMotion, 2450,-300,-260,180,0.0,0.0,0,118.757,100 
LinearMotion, 2450,-250,-265,180,0.0,0.0,0,132.316,100 
LinearMotion, 2450,-200,-275,180,0.0,0.0,0,90.1704,100 
LinearMotion, 2450,-150,-265,180,0.0,0.0,0,124.796,100 
LinearMotion, 2500,-150,-255,180,0.0,0.0,0,179.029,100 
LinearMotion, 2500,-200,-255,180,0.0,0.0,0,184.849,100 
LinearMotion, 2500,-250,-255,180,0.0,0.0,0,174.714,100 
LinearMotion, 2500,-300,-250,180,0.0,0.0,0,141.009,100 
LinearMotion, 2500,-350,-225,180,0.0,0.0,0,138.582,100 
LinearMotion, 2500,-400,-215,180,0.0,0.0,0,56.38,100 
LinearMotion, 2500,-450,-200,180,0.0,0.0,0,41.3233,100 
LinearMotion, 2500,-500,-200,180,0.0,0.0,0,65.7458,100 
LinearMotion, 2500,-550,-220,180,0.0,0.0,0,89.5522,100 
LinearMotion, 2550,-550,-220,180,0.0,0.0,0,89.227,100 
LinearMotion, 2550,-500,-195,180,0.0,0.0,0,72.9339,100 
LinearMotion, 2550,-450,-190,180,0.0,0.0,0,45.6386,100 
LinearMotion, 2550,-400,-200,180,0.0,0.0,0,63.9614,100 
LinearMotion, 2550,-350,-220,180,0.0,0.0,0,109.964,100 
LinearMotion, 2550,-300,-255,180,0.0,0.0,0,90.445,100 
LinearMotion, 2550,-250,-260,180,0.0,0.0,0,147.433,100 
LinearMotion, 2550,-200,-270,180,0.0,0.0,0,127.427,100 
LinearMotion, 2550,-150,-265,180,0.0,0.0,0,147.367,100 
LinearMotion, 2600,-150,-255,180,0.0,0.0,0,200,100 
LinearMotion, 2600,-200,-255,180,0.0,0.0,0,194.816,100 
LinearMotion, 2600,-250,-255,180,0.0,0.0,0,155.67,100 
LinearMotion, 2600,-300,-250,180,0.0,0.0,0,73.48,100 
LinearMotion, 2600,-350,-220,180,0.0,0.0,0,52.4772,100 
LinearMotion, 2600,-400,-195,180,0.0,0.0,0,27.8298,100 
LinearMotion, 2600,-450,-185,180,0.0,0.0,0,35.6071,100 
LinearMotion, 2600,-500,-200,180,0.0,0.0,0,41.2831,100 
LinearMotion, 2600,-550,-235,180,0.0,0.0,0,26.2362,100 
LinearMotion, 2600,-500,-185,180,0.0,0.0,0,104.709,100 
LinearMotion, 2600,-450,-175,180,0.0,0.0,0,77.4742,100 
LinearMotion, 2600,-400,-185,180,0.0,0.0,0,69.6416,100 
LinearMotion, 2600,-350,-210,180,0.0,0.0,0,94.4643,100 
LinearMotion, 2600,-300,-240,180,0.0,0.0,0,115.617,100 
LinearMotion, 2600,-250,-255,180,0.0,0.0,0,155.355,100 
LinearMotion, 2600,-200,-255,180,0.0,0.0,0,194.779,100 
LinearMotion, 2600,-150,-255,180,0.0,0.0,0,200,100 
LinearMotion, 2550,-150,-265,180,0.0,0.0,0,146.992,100 
LinearMotion, 2550,-200,-265,180,0.0,0.0,0,148.429,100 
LinearMotion, 2550,-250,-255,180,0.0,0.0,0,168.577,100 
LinearMotion, 2550,-300,-240,180,0.0,0.0,0,154.22,100 
LinearMotion, 2550,-350,-205,180,0.0,0.0,0,173.879,100 
LinearMotion, 2550,-400,-185,180,0.0,0.0,0,127.548,100 
LinearMotion, 2550,-450,-170,180,0.0,0.0,0,130.614,100 
LinearMotion, 2550,-500,-180,180,0.0,0.0,0,136.585,100 
LinearMotion, 2550,-550,-215,180,0.0,0.0,0,109.957,100 
LinearMotion, 2500,-550,-210,180,0.0,0.0,0,131.803,100 
LinearMotion, 2500,-500,-185,180,0.0,0.0,0,129.346,100 
LinearMotion, 2500,-450,-180,180,0.0,0.0,0,126.268,100 
LinearMotion, 2500,-400,-195,180,0.0,0.0,0,141.431,100 
LinearMotion, 2500,-350,-220,180,0.0,0.0,0,159.663,100 
LinearMotion, 2500,-300,-245,180,0.0,0.0,0,162.108,100 
LinearMotion, 2500,-250,-255,180,0.0,0.0,0,174.534,100 
LinearMotion, 2500,-200,-255,180,0.0,0.0,0,184.742,100 
LinearMotion, 2500,-150,-255,180,0.0,0.0,0,178.879,100 
LinearMotion, 2450,-150,-265,180,0.0,0.0,0,124.261,100 
LinearMotion, 2450,-200,-265,180,0.0,0.0,0,132.426,100 
LinearMotion, 2450,-250,-255,180,0.0,0.0,0,174.871,100 
LinearMotion, 2450,-300,-250,180,0.0,0.0,0,161.216,100 
LinearMotion, 2450,-350,-235,180,0.0,0.0,0,137.267,100 
LinearMotion, 2450,-400,-205,180,0.0,0.0,0,151.777,100 
LinearMotion, 2450,-450,-190,180,0.0,0.0,0,127.34,100 
LinearMotion, 2450,-500,-195,180,0.0,0.0,0,105.179,100 
LinearMotion, 2450,-550,-215,180,0.0,0.0,0,112.607,100 
LinearMotion, 2400,-550,-215,180,0.0,0.0,0,117.469,100 
LinearMotion, 2400,-500,-200,180,0.0,0.0,0,107.298,100 
LinearMotion, 2400,-450,-200,180,0.0,0.0,0,131.071,100 
LinearMotion, 2400,-400,-220,180,0.0,0.0,0,134.978,100 
LinearMotion, 2400,-350,-235,180,0.0,0.0,0,171.149,100 
LinearMotion, 2400,-300,-250,180,0.0,0.0,0,174.067,100 
LinearMotion, 2400,-250,-255,180,0.0,0.0,0,170.631,100 
LinearMotion, 2400,-200,-255,180,0.0,0.0,0,164.312,100 
LinearMotion, 2400,-150,-255,180,0.0,0.0,0,156.092,100 
LinearMotion, 2350,-150,-265,180,0.0,0.0,0,103.08,100 
LinearMotion, 2350,-200,-260,180,0.0,0.0,0,130.537,100 
LinearMotion, 2350,-250,-260,180,0.0,0.0,0,141.424,100 
LinearMotion, 2350,-300,-255,180,0.0,0.0,0,157.953,100 
LinearMotion, 2350,-350,-245,180,0.0,0.0,0,153.916,100 
LinearMotion, 2350,-400,-230,180,0.0,0.0,0,133.41,100 
LinearMotion, 2350,-450,-210,180,0.0,0.0,0,133.439,100 
LinearMotion, 2350,-500,-205,180,0.0,0.0,0,114.965,100 
LinearMotion, 2350,-550,-220,180,0.0,0.0,0,104.241,100 
LinearMotion, 2300,-550,-220,180,0.0,0.0,0,116.535,100 
LinearMotion, 2300,-500,-215,180,0.0,0.0,0,105.653,100 
LinearMotion, 2300,-450,-220,180,0.0,0.0,0,132.657,100 
LinearMotion, 2300,-400,-235,180,0.0,0.0,0,146.638,100 
LinearMotion, 2300,-350,-250,180,0.0,0.0,0,150.555,100 
LinearMotion, 2300,-300,-250,180,0.0,0.0,0,178.989,100 
LinearMotion, 2300,-250,-250,180,0.0,0.0,0,174.233,100 
LinearMotion, 2300,-200,-255,180,0.0,0.0,0,139.454,100 
LinearMotion, 2300,-150,-255,180,0.0,0.0,0,138.224,100 
LinearMotion, 2250,-150,-265,180,0.0,0.0,0,90.466,100 
LinearMotion, 2250,-200,-260,180,0.0,0.0,0,105.726,100 
LinearMotion, 2250,-250,-255,180,0.0,0.0,0,140.716,100 
LinearMotion, 2250,-300,-265,180,0.0,0.0,0,109.388,100 
LinearMotion, 2250,-350,-255,180,0.0,0.0,0,140.216,100 
LinearMotion, 2250,-400,-245,180,0.0,0.0,0,131.593,100 
LinearMotion, 2250,-450,-225,180,0.0,0.0,0,148.735,100 
LinearMotion, 2250,-500,-220,180,0.0,0.0,0,119.733,100 
LinearMotion, 2250,-550,-220,180,0.0,0.0,0,132.74,100 
LinearMotion, 2200,-550,-235,180,0.0,0.0,0,88.3099,100 
LinearMotion, 2200,-500,-230,180,0.0,0.0,0,111.673,100 
LinearMotion, 2200,-450,-240,180,0.0,0.0,0,116.555,100 
LinearMotion, 2200,-400,-250,180,0.0,0.0,0,131.011,100 
LinearMotion, 2200,-350,-255,180,0.0,0.0,0,144.915,100 
LinearMotion, 2200,-300,-255,180,0.0,0.0,0,144.028,100 
LinearMotion, 2200,-250,-255,180,0.0,0.0,0,127.816,100 
LinearMotion, 2200,-200,-255,180,0.0,0.0,0,116.384,100 
LinearMotion, 2200,-150,-255,180,0.0,0.0,0,133.094,100 
LinearMotion, 2200,-200,-255,180,0.0,0.0,0,67.3168,100 
LinearMotion, 2200,-250,-255,180,0.0,0.0,0,85.347,100 
LinearMotion, 2200,-300,-255,180,0.0,0.0,0,110.918,100 
LinearMotion, 2200,-350,-255,180,0.0,0.0,0,112.317,100 
LinearMotion, 2200,-400,-245,180,0.0,0.0,0,124.327,100 
LinearMotion, 2200,-450,-235,180,0.0,0.0,0,101.526,100 
LinearMotion, 2200,-500,-230,180,0.0,0.0,0,59.8858,100 
LinearMotion, 2200,-550,-230,180,0.0,0.0,0,56.9762,100 
LinearMotion, 2250,-550,-215,180,0.0,0.0,0,127.054,100 
LinearMotion, 2250,-500,-210,180,0.0,0.0,0,140.478,100 
LinearMotion, 2250,-450,-220,180,0.0,0.0,0,152.282,100 
LinearMotion, 2250,-400,-240,180,0.0,0.0,0,125.244,100 
LinearMotion, 2250,-350,-250,180,0.0,0.0,0,138.845,100 
LinearMotion, 2250,-300,-255,180,0.0,0.0,0,124.161,100 
LinearMotion, 2250,-250,-250,180,0.0,0.0,0,139.634,100 
LinearMotion, 2250,-200,-255,180,0.0,0.0,0,84.4464,100 
LinearMotion, 2250,-150,-260,180,0.0,0.0,0,60.377,100 
LinearMotion, 2300,-150,-255,180,0.0,0.0,0,101.764,100 
LinearMotion, 2300,-200,-250,180,0.0,0.0,0,137.644,100 
LinearMotion, 2300,-250,-250,180,0.0,0.0,0,158.559,100 
LinearMotion, 2300,-300,-245,180,0.0,0.0,0,200,100 
LinearMotion, 2300,-350,-245,180,0.0,0.0,0,155.153,100 
LinearMotion, 2300,-400,-230,180,0.0,0.0,0,148.974,100 
LinearMotion, 2300,-450,-215,180,0.0,0.0,0,126.923,100 
LinearMotion, 2300,-500,-205,180,0.0,0.0,0,118.271,100 
LinearMotion, 2300,-550,-210,180,0.0,0.0,0,135.434,100 
LinearMotion, 2350,-550,-210,180,0.0,0.0,0,116.043,100 
LinearMotion, 2350,-500,-195,180,0.0,0.0,0,132.959,100 
LinearMotion, 2350,-450,-205,180,0.0,0.0,0,128.156,100 
LinearMotion, 2350,-400,-225,180,0.0,0.0,0,128.111,100 
LinearMotion, 2350,-350,-240,180,0.0,0.0,0,160.454,100 
LinearMotion, 2350,-300,-250,180,0.0,0.0,0,166.822,100 
LinearMotion, 2350,-250,-250,180,0.0,0.0,0,174.69,100 
LinearMotion, 2350,-200,-260,180,0.0,0.0,0,89.6389,100 
LinearMotion, 2350,-150,-260,180,0.0,0.0,0,80.2728,100 
LinearMotion, 2400,-150,-255,180,0.0,0.0,0,129.945,100 
LinearMotion, 2400,-200,-250,180,0.0,0.0,0,176.851,100 
LinearMotion, 2400,-250,-250,180,0.0,0.0,0,186.817,100 
LinearMotion, 2400,-300,-245,180,0.0,0.0,0,192.237,100 
LinearMotion, 2400,-350,-235,180,0.0,0.0,0,153.695,100 
LinearMotion, 2400,-400,-215,180,0.0,0.0,0,130.583,100 
LinearMotion, 2400,-450,-190,180,0.0,0.0,0,158.361,100 
LinearMotion, 2400,-500,-195,180,0.0,0.0,0,86.9246,100 
LinearMotion, 2400,-550,-205,180,0.0,0.0,0,136.908,100 
LinearMotion, 2450,-550,-205,180,0.0,0.0,0,129.239,100 
LinearMotion, 2450,-500,-185,180,0.0,0.0,0,117.523,100 
LinearMotion, 2450,-450,-185,180,0.0,0.0,0,118.536,100 
LinearMotion, 2450,-400,-200,180,0.0,0.0,0,157.08,100 
LinearMotion, 2450,-350,-230,180,0.0,0.0,0,134.195,100 
LinearMotion, 2450,-300,-245,180,0.0,0.0,0,171.967,100 
LinearMotion, 2450,-250,-250,180,0.0,0.0,0,193.506,100 
LinearMotion, 2450,-200,-260,180,0.0,0.0,0,126.558,100 
LinearMotion, 2450,-150,-265,180,0.0,0.0,0,79.7397,100 
LinearMotion, 2500,-150,-255,180,0.0,0.0,0,165.888,100 
LinearMotion, 2500,-200,-255,180,0.0,0.0,0,175.134,100 
LinearMotion, 2500,-250,-250,180,0.0,0.0,0,192.974,100 
LinearMotion, 2500,-300,-240,180,0.0,0.0,0,173.375,100 
LinearMotion, 2500,-350,-215,180,0.0,0.0,0,169.518,100 
LinearMotion, 2500,-400,-190,180,0.0,0.0,0,140.762,100 
LinearMotion, 2500,-450,-175,180,0.0,0.0,0,116.845,100 
LinearMotion, 2500,-500,-175,180,0.0,0.0,0,155.64,100 
LinearMotion, 2500,-550,-200,180,0.0,0.0,0,159.516,100 
LinearMotion, 2550,-550,-200,180,0.0,0.0,0,158.999,100 
LinearMotion, 2550,-500,-170,180,0.0,0.0,0,167.058,100 
LinearMotion, 2550,-450,-165,180,0.0,0.0,0,123.7,100 
LinearMotion, 2550,-400,-175,180,0.0,0.0,0,152.805,100 
LinearMotion, 2550,-350,-200,180,0.0,0.0,0,191.94,100 
LinearMotion, 2550,-300,-235,180,0.0,0.0,0,160.934,100 
LinearMotion, 2550,-250,-255,180,0.0,0.0,0,149.639,100 
LinearMotion, 2550,-200,-260,180,0.0,0.0,0,151.8,100 
LinearMotion, 2550,-150,-265,180,0.0,0.0,0,115.594,100 
LinearMotion, 2600,-150,-255,180,0.0,0.0,0,199.2,100 
LinearMotion, 2600,-200,-255,180,0.0,0.0,0,190.966,100 
LinearMotion, 2600,-250,-255,180,0.0,0.0,0,128.783,100 
LinearMotion, 2600,-300,-240,180,0.0,0.0,0,66.1059,100 
LinearMotion, 2600,-350,-200,180,0.0,0.0,0,100.623,100 
LinearMotion, 2600,-400,-175,180,0.0,0.0,0,61.4714,100 
LinearMotion, 2600,-450,-165,180,0.0,0.0,0,73.8254,100 
LinearMotion, 2600,-500,-175,180,0.0,0.0,0,116.781,100 
LinearMotion, 2600,-550,-220,180,0.0,0.0,0,25,100 
LinearMotion, 2600,-500,-165,180,0.0,0.0,0,151.061,100 
LinearMotion, 2600,-450,-160,180,0.0,0.0,0,100.991,100 
LinearMotion, 2600,-400,-175,180,0.0,0.0,0,70.8475,100 
LinearMotion, 2600,-350,-195,180,0.0,0.0,0,118.44,100 
LinearMotion, 2600,-300,-235,180,0.0,0.0,0,95.9648,100 
LinearMotion, 2600,-250,-250,180,0.0,0.0,0,136.776,100 
LinearMotion, 2600,-200,-255,180,0.0,0.0,0,155.166,100 
LinearMotion, 2600,-150,-255,180,0.0,0.0,0,160.528,100 
LinearMotion, 2550,-150,-260,180,0.0,0.0,0,128.188,100 
LinearMotion, 2550,-200,-255,180,0.0,0.0,0,151.763,100 
LinearMotion, 2550,-250,-245,180,0.0,0.0,0,172.456,100 
LinearMotion, 2550,-300,-225,180,0.0,0.0,0,179.811,100 
LinearMotion, 2550,-350,-190,180,0.0,0.0,0,200,100 
LinearMotion, 2550,-400,-170,180,0.0,0.0,0,152.418,100 
LinearMotion, 2550,-450,-155,180,0.0,0.0,0,155.566,100 
LinearMotion, 2550,-500,-165,180,0.0,0.0,0,161.699,100 
LinearMotion, 2550,-550,-200,180,0.0,0.0,0,134.352,100 
LinearMotion, 2500,-550,-200,180,0.0,0.0,0,134.688,100 
LinearMotion, 2500,-500,-170,180,0.0,0.0,0,154.264,100 
LinearMotion, 2500,-450,-170,180,0.0,0.0,0,129.003,100 
LinearMotion, 2500,-400,-185,180,0.0,0.0,0,144.577,100 
LinearMotion, 2500,-350,-205,180,0.0,0.0,0,185.4,100 
LinearMotion, 2500,-300,-235,180,0.0,0.0,0,165.812,100 
LinearMotion, 2500,-250,-245,180,0.0,0.0,0,178.574,100 
LinearMotion, 2500,-200,-250,180,0.0,0.0,0,166.957,100 
LinearMotion, 2500,-150,-255,180,0.0,0.0,0,138.837,100 
LinearMotion, 2450,-150,-260,180,0.0,0.0,0,104.842,100 
LinearMotion, 2450,-200,-255,180,0.0,0.0,0,135.328,100 
LinearMotion, 2450,-250,-245,180,0.0,0.0,0,178.92,100 
LinearMotion, 2450,-300,-235,180,0.0,0.0,0,186.995,100 
LinearMotion, 2450,-350,-220,180,0.0,0.0,0,162.4,100 
LinearMotion, 2450,-400,-190,180,0.0,0.0,0,177.301,100 
LinearMotion, 2450,-450,-175,180,0.0,0.0,0,152.204,100 
LinearMotion, 2450,-500,-180,180,0.0,0.0,0,129.445,100 
LinearMotion, 2450,-550,-200,180,0.0,0.0,0,137.074,100 
LinearMotion, 2400,-550,-205,180,0.0,0.0,0,119.967,100 
LinearMotion, 2400,-500,-185,180,0.0,0.0,0,131.62,100 
LinearMotion, 2400,-450,-185,180,0.0,0.0,0,156.036,100 
LinearMotion, 2400,-400,-205,180,0.0,0.0,0,160.048,100 
LinearMotion, 2400,-350,-225,180,0.0,0.0,0,175.097,100 
LinearMotion, 2400,-300,-240,180,0.0,0.0,0,178.094,100 
LinearMotion, 2400,-250,-245,180,0.0,0.0,0,174.565,100 
LinearMotion, 2400,-200,-245,180,0.0,0.0,0,168.076,100 
LinearMotion, 2400,-150,-250,180,0.0,0.0,0,137.533,100 
LinearMotion, 2350,-150,-260,180,0.0,0.0,0,83.0899,100 
LinearMotion, 2350,-200,-245,180,0.0,0.0,0,155.487,100 
LinearMotion, 2350,-250,-245,180,0.0,0.0,0,166.669,100 
LinearMotion, 2350,-300,-240,180,0.0,0.0,0,183.644,100 
LinearMotion, 2350,-350,-230,180,0.0,0.0,0,179.498,100 
LinearMotion, 2350,-400,-220,180,0.0,0.0,0,136.339,100 
LinearMotion, 2350,-450,-195,180,0.0,0.0,0,158.468,100 
LinearMotion, 2350,-500,-190,180,0.0,0.0,0,139.495,100 
LinearMotion, 2350,-550,-205,180,0.0,0.0,0,128.481,100 
LinearMotion, 2300,-550,-205,180,0.0,0.0,0,141.107,100 
LinearMotion, 2300,-500,-200,180,0.0,0.0,0,129.931,100 
LinearMotion, 2300,-450,-205,180,0.0,0.0,0,157.665,100 
LinearMotion, 2300,-400,-225,180,0.0,0.0,0,149.924,100 
LinearMotion, 2300,-350,-235,180,0.0,0.0,0,176.046,100 
LinearMotion, 2300,-300,-240,180,0.0,0.0,0,183.149,100 
LinearMotion, 2300,-250,-240,180,0.0,0.0,0,178.265,100 
LinearMotion, 2300,-200,-245,180,0.0,0.0,0,142.546,100 
LinearMotion, 2300,-150,-250,180,0.0,0.0,0,119.183,100 
LinearMotion, 2250,-150,-255,180,0.0,0.0,0,92.2345,100 
LinearMotion, 2250,-200,-245,180,0.0,0.0,0,130.007,100 
LinearMotion, 2250,-250,-245,180,0.0,0.0,0,143.842,100 
LinearMotion, 2250,-300,-250,180,0.0,0.0,0,133.767,100 
LinearMotion, 2250,-350,-240,180,0.0,0.0,0,165.428,100 
LinearMotion, 2250,-400,-230,180,0.0,0.0,0,156.572,100 
LinearMotion, 2250,-450,-215,180,0.0,0.0,0,152.078,100 
LinearMotion, 2250,-500,-205,180,0.0,0.0,0,144.392,100 
LinearMotion, 2250,-550,-210,180,0.0,0.0,0,135.65,100 
LinearMotion, 2200,-550,-225,180,0.0,0.0,0,90.0202,100 
LinearMotion, 2200,-500,-215,180,0.0,0.0,0,136.114,100 
LinearMotion, 2200,-450,-225,180,0.0,0.0,0,141.128,100 
LinearMotion, 2200,-400,-240,180,0.0,0.0,0,133.875,100 
LinearMotion, 2200,-350,-250,180,0.0,0.0,0,126.055,100 
LinearMotion, 2200,-300,-255,180,0.0,0.0,0,103.044,100 
LinearMotion, 2200,-250,-255,180,0.0,0.0,0,86.3939,100 
LinearMotion, 2200,-200,-250,180,0.0,0.0,0,96.7533,100 
LinearMotion, 2200,-150,-255,180,0.0,0.0,0,91.8149,100 
LinearMotion, 2200,-200,-250,180,0.0,0.0,0,31.6004,100 
LinearMotion, 2200,-250,-250,180,0.0,0.0,0,47.2915,100 
LinearMotion, 2200,-300,-250,180,0.0,0.0,0,69.545,100 
LinearMotion, 2200,-350,-250,180,0.0,0.0,0,70.763,100 
LinearMotion, 2200,-400,-235,180,0.0,0.0,0,110.751,100 
LinearMotion, 2200,-450,-225,180,0.0,0.0,0,90.909,100 
LinearMotion, 2200,-500,-215,180,0.0,0.0,0,84.2072,100 
LinearMotion, 2200,-550,-220,180,0.0,0.0,0,52.1382,100 
LinearMotion, 2250,-550,-200,180,0.0,0.0,0,142.662,100 
LinearMotion, 2250,-500,-200,180,0.0,0.0,0,124.808,100 
LinearMotion, 2250,-450,-210,180,0.0,0.0,0,135.08,100 
LinearMotion, 2250,-400,-225,180,0.0,0.0,0,141.087,100 
LinearMotion, 2250,-350,-235,180,0.0,0.0,0,152.923,100 
LinearMotion, 2250,-300,-245,180,0.0,0.0,0,110.608,100 
LinearMotion, 2250,-250,-240,180,0.0,0.0,0,124.073,100 
LinearMotion, 2250,-200,-240,180,0.0,0.0,0,105.582,100 
LinearMotion, 2250,-150,-250,180,0.0,0.0,0,55.0978,100 
LinearMotion, 2300,-150,-245,180,0.0,0.0,0,91.116,100 
LinearMotion, 2300,-200,-240,180,0.0,0.0,0,122.341,100 
LinearMotion, 2300,-250,-235,180,0.0,0.0,0,170.08,100 
LinearMotion, 2300,-300,-235,180,0.0,0.0,0,176.608,100 
LinearMotion, 2300,-350,-230,180,0.0,0.0,0,167.115,100 
LinearMotion, 2300,-400,-220,180,0.0,0.0,0,132.201,100 
LinearMotion, 2300,-450,-200,180,0.0,0.0,0,142.548,100 
LinearMotion, 2300,-500,-195,180,0.0,0.0,0,105.481,100 
LinearMotion, 2300,-550,-200,180,0.0,0.0,0,120.418,100 
LinearMotion, 2350,-550,-195,180,0.0,0.0,0,133.079,100 
LinearMotion, 2350,-500,-185,180,0.0,0.0,0,118.264,100 
LinearMotion, 2350,-450,-190,180,0.0,0.0,0,143.621,100 
LinearMotion, 2350,-400,-210,180,0.0,0.0,0,143.582,100 
LinearMotion, 2350,-350,-225,180,0.0,0.0,0,171.729,100 
LinearMotion, 2350,-300,-235,180,0.0,0.0,0,177.271,100 
LinearMotion, 2350,-250,-240,180,0.0,0.0,0,154.582,100 
LinearMotion, 2350,-200,-240,180,0.0,0.0,0,139.637,100 
LinearMotion, 2350,-150,-255,180,0.0,0.0,0,42.8756,100 
LinearMotion, 2400,-150,-250,180,0.0,0.0,0,86.1043,100 
LinearMotion, 2400,-200,-240,180,0.0,0.0,0,156.462,100 
LinearMotion, 2400,-250,-240,180,0.0,0.0,0,165.135,100 
LinearMotion, 2400,-300,-235,180,0.0,0.0,0,169.852,100 
LinearMotion, 2400,-350,-225,180,0.0,0.0,0,136.31,100 
LinearMotion, 2400,-400,-200,180,0.0,0.0,0,145.733,100 
LinearMotion, 2400,-450,-180,180,0.0,0.0,0,140.371,100 
LinearMotion, 2400,-500,-180,180,0.0,0.0,0,107.738,100 
LinearMotion, 2400,-550,-195,180,0.0,0.0,0,121.7,100 
LinearMotion, 2450,-550,-195,180,0.0,0.0,0,115.027,100 
LinearMotion, 2450,-500,-175,180,0.0,0.0,0,104.83,100 
LinearMotion, 2450,-450,-170,180,0.0,0.0,0,135.249,100 
LinearMotion, 2450,-400,-185,180,0.0,0.0,0,168.793,100 
LinearMotion, 2450,-350,-215,180,0.0,0.0,0,148.876,100 
LinearMotion, 2450,-300,-235,180,0.0,0.0,0,152.212,100 
LinearMotion, 2450,-250,-240,180,0.0,0.0,0,170.956,100 
LinearMotion, 2450,-200,-245,180,0.0,0.0,0,142.23,100 
LinearMotion, 2450,-150,-255,180,0.0,0.0,0,71.9486,100 
LinearMotion, 2500,-150,-250,180,0.0,0.0,0,117.384,100 
LinearMotion, 2500,-200,-245,180,0.0,0.0,0,154.968,100 
LinearMotion, 2500,-250,-240,180,0.0,0.0,0,170.493,100 
LinearMotion, 2500,-300,-225,180,0.0,0.0,0,182.973,100 
LinearMotion, 2500,-350,-205,180,0.0,0.0,0,150.08,100 
LinearMotion, 2500,-400,-175,180,0.0,0.0,0,154.592,100 
LinearMotion, 2500,-450,-165,180,0.0,0.0,0,104.241,100 
LinearMotion, 2500,-500,-165,180,0.0,0.0,0,138.002,100 
LinearMotion, 2500,-550,-185,180,0.0,0.0,0,170.913,100 
LinearMotion, 2550,-550,-180,180,0.0,0.0,0,200,100 
LinearMotion, 2550,-500,-160,180,0.0,0.0,0,147.939,100 
LinearMotion, 2550,-450,-155,180,0.0,0.0,0,110.206,100 
LinearMotion, 2550,-400,-165,180,0.0,0.0,0,135.536,100 
LinearMotion, 2550,-350,-190,180,0.0,0.0,0,169.593,100 
LinearMotion, 2550,-300,-220,180,0.0,0.0,0,172.147,100 
LinearMotion, 2550,-250,-240,180,0.0,0.0,0,162.317,100 
LinearMotion, 2550,-200,-250,180,0.0,0.0,0,134.66,100 
LinearMotion, 2550,-150,-260,180,0.0,0.0,0,73.6145,100 
LinearMotion, 2600,-150,-255,180,0.0,0.0,0,116.838,100 
LinearMotion, 2600,-200,-255,180,0.0,0.0,0,109.672,100 
LinearMotion, 2600,-250,-245,180,0.0,0.0,0,114.63,100 
LinearMotion, 2600,-300,-225,180,0.0,0.0,0,89.6204,100 
LinearMotion, 2600,-350,-190,180,0.0,0.0,0,90.1228,100 
LinearMotion, 2600,-400,-165,180,0.0,0.0,0,56.0502,100 
LinearMotion, 2600,-450,-155,180,0.0,0.0,0,66.8015,100 
LinearMotion, 2600,-500,-160,180,0.0,0.0,0,133.722,100 
LinearMotion, 2600,-550,-200,180,0.0,0.0,0,83.384,100 
LinearMotion, 2600,-500,-155,180,0.0,0.0,0,136.927,100 
LinearMotion, 2600,-450,-150,180,0.0,0.0,0,92.4708,100 
LinearMotion, 2600,-400,-160,180,0.0,0.0,0,85.3286,100 
LinearMotion, 2600,-350,-180,180,0.0,0.0,0,127.585,100 
LinearMotion, 2600,-300,-220,180,0.0,0.0,0,107.63,100 
LinearMotion, 2600,-250,-245,180,0.0,0.0,0,104.622,100 
LinearMotion, 2600,-200,-250,180,0.0,0.0,0,120.95,100 
LinearMotion, 2600,-150,-255,180,0.0,0.0,0,106.089,100 
LinearMotion, 2550,-150,-250,180,0.0,0.0,0,116.618,100 
LinearMotion, 2550,-200,-245,180,0.0,0.0,0,137.55,100 
LinearMotion, 2550,-250,-235,180,0.0,0.0,0,155.923,100 
LinearMotion, 2550,-300,-215,180,0.0,0.0,0,162.453,100 
LinearMotion, 2550,-350,-175,180,0.0,0.0,0,200,100 
LinearMotion, 2550,-400,-160,180,0.0,0.0,0,138.132,100 
LinearMotion, 2550,-450,-145,180,0.0,0.0,0,140.927,100 
LinearMotion, 2550,-500,-150,180,0.0,0.0,0,165.993,100 
LinearMotion, 2550,-550,-185,180,0.0,0.0,0,141.713,100 
LinearMotion, 2500,-550,-185,180,0.0,0.0,0,142.011,100 
LinearMotion, 2500,-500,-160,180,0.0,0.0,0,139.77,100 
LinearMotion, 2500,-450,-160,180,0.0,0.0,0,117.342,100 
LinearMotion, 2500,-400,-170,180,0.0,0.0,0,150.791,100 
LinearMotion, 2500,-350,-195,180,0.0,0.0,0,167.416,100 
LinearMotion, 2500,-300,-220,180,0.0,0.0,0,169.645,100 
LinearMotion, 2500,-250,-230,180,0.0,0.0,0,180.976,100 
LinearMotion, 2500,-200,-240,180,0.0,0.0,0,151.04,100 
LinearMotion, 2500,-150,-250,180,0.0,0.0,0,106.452,100 
LinearMotion, 2450,-150,-250,180,0.0,0.0,0,95.8901,100 
LinearMotion, 2450,-200,-240,180,0.0,0.0,0,142.579,100 
LinearMotion, 2450,-250,-235,180,0.0,0.0,0,161.662,100 
LinearMotion, 2450,-300,-220,180,0.0,0.0,0,188.453,100 
LinearMotion, 2450,-350,-205,180,0.0,0.0,0,166.616,100 
LinearMotion, 2450,-400,-180,180,0.0,0.0,0,160.225,100 
LinearMotion, 2450,-450,-165,180,0.0,0.0,0,137.941,100 
LinearMotion, 2450,-500,-170,180,0.0,0.0,0,117.734,100 
LinearMotion, 2450,-550,-185,180,0.0,0.0,0,144.129,100 
LinearMotion, 2400,-550,-190,180,0.0,0.0,0,128.941,100 
LinearMotion, 2400,-500,-170,180,0.0,0.0,0,139.287,100 
LinearMotion, 2400,-450,-175,180,0.0,0.0,0,141.344,100 
LinearMotion, 2400,-400,-195,180,0.0,0.0,0,144.906,100 
LinearMotion, 2400,-350,-215,180,0.0,0.0,0,158.268,100 
LinearMotion, 2400,-300,-230,180,0.0,0.0,0,160.928,100 
LinearMotion, 2400,-250,-235,180,0.0,0.0,0,157.795,100 
LinearMotion, 2400,-200,-230,180,0.0,0.0,0,171.655,100 
LinearMotion, 2400,-150,-245,180,0.0,0.0,0,105.294,100 
LinearMotion, 2350,-150,-240,180,0.0,0.0,0,115.82,100 
LinearMotion, 2350,-200,-230,180,0.0,0.0,0,160.478,100 
LinearMotion, 2350,-250,-235,180,0.0,0.0,0,150.784,100 
LinearMotion, 2350,-300,-230,180,0.0,0.0,0,165.857,100 
LinearMotion, 2350,-350,-220,180,0.0,0.0,0,162.175,100 
LinearMotion, 2350,-400,-205,180,0.0,0.0,0,143.477,100 
LinearMotion, 2350,-450,-180,180,0.0,0.0,0,163.125,100 
LinearMotion, 2350,-500,-180,180,0.0,0.0,0,126.658,100 
LinearMotion, 2350,-550,-195,180,0.0,0.0,0,116.878,100 
LinearMotion, 2300,-550,-195,180,0.0,0.0,0,128.089,100 
LinearMotion, 2300,-500,-185,180,0.0,0.0,0,137.788,100 
LinearMotion, 2300,-450,-195,180,0.0,0.0,0,142.79,100 
LinearMotion, 2300,-400,-215,180,0.0,0.0,0,135.917,100 
LinearMotion, 2300,-350,-225,180,0.0,0.0,0,159.11,100 
LinearMotion, 2300,-300,-230,180,0.0,0.0,0,165.416,100 
LinearMotion, 2300,-250,-230,180,0.0,0.0,0,161.08,100 
LinearMotion, 2300,-200,-235,180,0.0,0.0,0,129.366,100 
LinearMotion, 2300,-150,-240,180,0.0,0.0,0,108.623,100 
LinearMotion, 2250,-150,-240,180,0.0,0.0,0,104.318,100 
LinearMotion, 2250,-200,-230,180,0.0,0.0,0,137.855,100 
LinearMotion, 2250,-250,-230,180,0.0,0.0,0,150.138,100 
LinearMotion, 2250,-300,-235,180,0.0,0.0,0,141.193,100 
LinearMotion, 2250,-350,-225,180,0.0,0.0,0,169.304,100 
LinearMotion, 2250,-400,-215,180,0.0,0.0,0,161.441,100 
LinearMotion, 2250,-450,-200,180,0.0,0.0,0,157.451,100 
LinearMotion, 2250,-500,-190,180,0.0,0.0,0,150.627,100 
LinearMotion, 2250,-550,-200,180,0.0,0.0,0,123.244,100 
LinearMotion, 2200,-550,-210,180,0.0,0.0,0,102.352,100 
LinearMotion, 2200,-500,-200,180,0.0,0.0,0,143.277,100 
LinearMotion, 2200,-450,-210,180,0.0,0.0,0,147.729,100 
LinearMotion, 2200,-400,-225,180,0.0,0.0,0,141.289,100 
LinearMotion, 2200,-350,-235,180,0.0,0.0,0,134.346,100 
LinearMotion, 2200,-300,-240,180,0.0,0.0,0,113.915,100 
LinearMotion, 2200,-250,-240,180,0.0,0.0,0,99.1319,100 
LinearMotion, 2200,-200,-240,180,0.0,0.0,0,88.7081,100 
LinearMotion, 2200,-150,-245,180,0.0,0.0,0,84.3234,100 
LinearMotion, 2200,-200,-235,180,0.0,0.0,0,58.948,100 
LinearMotion, 2200,-250,-235,180,0.0,0.0,0,73.6885,100 
LinearMotion, 2200,-300,-235,180,0.0,0.0,0,94.5939,100 
LinearMotion, 2200,-350,-235,180,0.0,0.0,0,95.7381,100 
LinearMotion, 2200,-400,-220,180,0.0,0.0,0,133.304,100 
LinearMotion, 2200,-450,-215,180,0.0,0.0,0,86.9161,100 
LinearMotion, 2200,-500,-200,180,0.0,0.0,0,108.368,100 
LinearMotion, 2200,-550,-205,180,0.0,0.0,0,78.2416,100 
LinearMotion, 2250,-550,-195,180,0.0,0.0,0,107.786,100 
LinearMotion, 2250,-500,-185,180,0.0,0.0,0,146.509,100 
LinearMotion, 2250,-450,-195,180,0.0,0.0,0,156.159,100 
LinearMotion, 2250,-400,-210,180,0.0,0.0,0,161.801,100 
LinearMotion, 2250,-350,-220,180,0.0,0.0,0,172.921,100 
LinearMotion, 2250,-300,-225,180,0.0,0.0,0,160.916,100 
LinearMotion, 2250,-250,-225,180,0.0,0.0,0,145.818,100 
LinearMotion, 2250,-200,-225,180,0.0,0.0,0,128.447,100 
LinearMotion, 2250,-150,-240,180,0.0,0.0,0,53.2743,100 
LinearMotion, 2300,-150,-235,180,0.0,0.0,0,87.1105,100 
LinearMotion, 2300,-200,-225,180,0.0,0.0,0,144.191,100 
LinearMotion, 2300,-250,-225,180,0.0,0.0,0,161.291,100 
LinearMotion, 2300,-300,-225,180,0.0,0.0,0,167.423,100 
LinearMotion, 2300,-350,-215,180,0.0,0.0,0,186.253,100 
LinearMotion, 2300,-400,-205,180,0.0,0.0,0,153.454,100 
LinearMotion, 2300,-450,-190,180,0.0,0.0,0,135.426,100 
LinearMotion, 2300,-500,-180,180,0.0,0.0,0,128.353,100 
LinearMotion, 2300,-550,-190,180,0.0,0.0,0,114.637,100 
LinearMotion, 2350,-550,-180,180,0.0,0.0,0,154.279,100 
LinearMotion, 2350,-500,-170,180,0.0,0.0,0,140.361,100 
LinearMotion, 2350,-450,-175,180,0.0,0.0,0,164.182,100 
LinearMotion, 2350,-400,-200,180,0.0,0.0,0,136.398,100 
LinearMotion, 2350,-350,-215,180,0.0,0.0,0,162.84,100 
LinearMotion, 2350,-300,-220,180,0.0,0.0,0,195.793,100 
LinearMotion, 2350,-250,-225,180,0.0,0.0,0,174.479,100 
LinearMotion, 2350,-200,-225,180,0.0,0.0,0,160.44,100 
LinearMotion, 2350,-150,-240,180,0.0,0.0,0,69.5401,100 
LinearMotion, 2400,-150,-240,180,0.0,0.0,0,82.4024,100 
LinearMotion, 2400,-200,-225,180,0.0,0.0,0,176.245,100 
LinearMotion, 2400,-250,-225,180,0.0,0.0,0,184.393,100 
LinearMotion, 2400,-300,-225,180,0.0,0.0,0,161.077,100 
LinearMotion, 2400,-350,-215,180,0.0,0.0,0,129.566,100 
LinearMotion, 2400,-400,-185,180,0.0,0.0,0,166.167,100 
LinearMotion, 2400,-450,-170,180,0.0,0.0,0,133.381,100 
LinearMotion, 2400,-500,-165,180,0.0,0.0,0,130.473,100 
LinearMotion, 2400,-550,-180,180,0.0,0.0,0,143.59,100 
LinearMotion, 2450,-550,-180,180,0.0,0.0,0,137.32,100 
LinearMotion, 2450,-500,-160,180,0.0,0.0,0,127.741,100 
LinearMotion, 2450,-450,-160,180,0.0,0.0,0,128.57,100 
LinearMotion, 2450,-400,-175,180,0.0,0.0,0,160.082,100 
LinearMotion, 2450,-350,-205,180,0.0,0.0,0,141.371,100 
LinearMotion, 2450,-300,-215,180,0.0,0.0,0,200,100 
LinearMotion, 2450,-250,-230,180,0.0,0.0,0,162.113,100 
LinearMotion, 2450,-200,-235,180,0.0,0.0,0,135.128,100 
LinearMotion, 2450,-150,-245,180,0.0,0.0,0,69.1043,100 
LinearMotion, 2500,-150,-245,180,0.0,0.0,0,84.0394,100 
LinearMotion, 2500,-200,-235,180,0.0,0.0,0,147.094,100 
LinearMotion, 2500,-250,-225,180,0.0,0.0,0,189.426,100 
LinearMotion, 2500,-300,-215,180,0.0,0.0,0,173.403,100 
LinearMotion, 2500,-350,-190,180,0.0,0.0,0,170.25,100 
LinearMotion, 2500,-400,-165,180,0.0,0.0,0,146.741,100 
LinearMotion, 2500,-450,-150,180,0.0,0.0,0,127.187,100 
LinearMotion, 2500,-500,-150,180,0.0,0.0,0,158.904,100 
LinearMotion, 2500,-550,-170,180,0.0,0.0,0,189.82,100 
LinearMotion, 2550,-550,-170,180,0.0,0.0,0,189.398,100 
LinearMotion, 2550,-500,-145,180,0.0,0.0,0,168.239,100 
LinearMotion, 2550,-450,-140,180,0.0,0.0,0,132.791,100 
LinearMotion, 2550,-400,-155,180,0.0,0.0,0,128.839,100 
LinearMotion, 2550,-350,-175,180,0.0,0.0,0,188.581,100 
LinearMotion, 2550,-300,-210,180,0.0,0.0,0,163.232,100 
LinearMotion, 2550,-250,-230,180,0.0,0.0,0,153.998,100 
LinearMotion, 2550,-200,-235,180,0.0,0.0,0,155.764,100 
LinearMotion, 2550,-150,-250,180,0.0,0.0,0,70.6693,100 
LinearMotion, 2600,-150,-250,180,0.0,0.0,0,83.5267,100 
LinearMotion, 2600,-200,-245,180,0.0,0.0,0,104.542,100 
LinearMotion, 2600,-250,-235,180,0.0,0.0,0,109.2,100 
LinearMotion, 2600,-300,-210,180,0.0,0.0,0,113.453,100 
LinearMotion, 2600,-350,-170,180,0.0,0.0,0,141.672,100 
LinearMotion, 2600,-400,-155,180,0.0,0.0,0,54.1691,100 
LinearMotion, 2600,-450,-145,180,0.0,0.0,0,64.269,100 
LinearMotion, 2600,-500,-150,180,0.0,0.0,0,127.135,100 
LinearMotion, 2600,-550,-190,180,0.0,0.0,0,79.8469,100 
LinearMotion, 2600,-500,-145,180,0.0,0.0,0,150.042,100 
LinearMotion, 2600,-450,-135,180,0.0,0.0,0,122.298,100 
LinearMotion, 2600,-400,-150,180,0.0,0.0,0,92.3977,100 
LinearMotion, 2600,-350,-165,180,0.0,0.0,0,161.527,100 
LinearMotion, 2600,-300,-210,180,0.0,0.0,0,117.312,100 
LinearMotion, 2600,-250,-235,180,0.0,0.0,0,113.952,100 
LinearMotion, 2600,-200,-240,180,0.0,0.0,0,132.193,100 
LinearMotion, 2600,-150,-245,180,0.0,0.0,0,115.591,100 
LinearMotion, 2550,-150,-240,180,0.0,0.0,0,127.354,100 
LinearMotion, 2550,-200,-230,180,0.0,0.0,0,172.659,100 
LinearMotion, 2550,-250,-220,180,0.0,0.0,0,193.184,100 
LinearMotion, 2550,-300,-200,180,0.0,0.0,0,200,100 
LinearMotion, 2550,-350,-165,180,0.0,0.0,0,200,100 
LinearMotion, 2550,-400,-145,180,0.0,0.0,0,173.309,100 
LinearMotion, 2550,-450,-135,180,0.0,0.0,0,154.511,100 
LinearMotion, 2550,-500,-140,180,0.0,0.0,0,182.514,100 
LinearMotion, 2550,-550,-175,180,0.0,0.0,0,155.389,100 
LinearMotion, 2500,-550,-175,180,0.0,0.0,0,155.722,100 
LinearMotion, 2500,-500,-150,180,0.0,0.0,0,153.219,100 
LinearMotion, 2500,-450,-145,180,0.0,0.0,0,150.083,100 
LinearMotion, 2500,-400,-160,180,0.0,0.0,0,165.531,100 
LinearMotion, 2500,-350,-180,180,0.0,0.0,0,200,100 
LinearMotion, 2500,-300,-205,180,0.0,0.0,0,200,100 
LinearMotion, 2500,-250,-220,180,0.0,0.0,0,199.253,100 
LinearMotion, 2500,-200,-225,180,0.0,0.0,0,187.73,100 
LinearMotion, 2500,-150,-235,180,0.0,0.0,0,137.917,100 
LinearMotion, 2450,-150,-235,180,0.0,0.0,0,126.118,100 
LinearMotion, 2450,-200,-220,180,0.0,0.0,0,200,100 
LinearMotion, 2450,-250,-220,180,0.0,0.0,0,199.596,100 
LinearMotion, 2450,-300,-210,180,0.0,0.0,0,200,100 
LinearMotion, 2450,-350,-195,180,0.0,0.0,0,183.21,100 
LinearMotion, 2450,-400,-170,180,0.0,0.0,0,176.07,100 
LinearMotion, 2450,-450,-150,180,0.0,0.0,0,173.096,100 
LinearMotion, 2450,-500,-150,180,0.0,0.0,0,172.442,100 
LinearMotion, 2450,-550,-180,180,0.0,0.0,0,136.167,100 
LinearMotion, 2400,-550,-180,180,0.0,0.0,0,141.12,100 
LinearMotion, 2400,-500,-160,180,0.0,0.0,0,152.679,100 
LinearMotion, 2400,-450,-160,180,0.0,0.0,0,176.897,100 
LinearMotion, 2400,-400,-180,180,0.0,0.0,0,180.877,100 
LinearMotion, 2400,-350,-205,180,0.0,0.0,0,173.883,100 
LinearMotion, 2400,-300,-215,180,0.0,0.0,0,198.777,100 
LinearMotion, 2400,-250,-220,180,0.0,0.0,0,195.276,100 
LinearMotion, 2400,-200,-220,180,0.0,0.0,0,188.84,100 
LinearMotion, 2400,-150,-230,180,0.0,0.0,0,136.623,100 
LinearMotion, 2350,-150,-230,180,0.0,0.0,0,126.462,100 
LinearMotion, 2350,-200,-215,180,0.0,0.0,0,198.274,100 
LinearMotion, 2350,-250,-220,180,0.0,0.0,0,187.444,100 
LinearMotion, 2350,-300,-215,180,0.0,0.0,0,200,100 
LinearMotion, 2350,-350,-205,180,0.0,0.0,0,200,100 
LinearMotion, 2350,-400,-195,180,0.0,0.0,0,157.36,100 
LinearMotion, 2350,-450,-170,180,0.0,0.0,0,179.31,100 
LinearMotion, 2350,-500,-165,180,0.0,0.0,0,160.491,100 
LinearMotion, 2350,-550,-185,180,0.0,0.0,0,127.644,100 
LinearMotion, 2300,-550,-190,180,0.0,0.0,0,118.248,100 
LinearMotion, 2300,-500,-175,180,0.0,0.0,0,151.004,100 
LinearMotion, 2300,-450,-180,180,0.0,0.0,0,178.513,100 
LinearMotion, 2300,-400,-200,180,0.0,0.0,0,170.834,100 
LinearMotion, 2300,-350,-210,180,0.0,0.0,0,196.746,100 
LinearMotion, 2300,-300,-220,180,0.0,0.0,0,181.87,100 
LinearMotion, 2300,-250,-220,180,0.0,0.0,0,177.025,100 
LinearMotion, 2300,-200,-215,180,0.0,0.0,0,185.437,100 
LinearMotion, 2300,-150,-225,180,0.0,0.0,0,140.343,100 
LinearMotion, 2250,-150,-225,180,0.0,0.0,0,135.533,100 
LinearMotion, 2250,-200,-215,180,0.0,0.0,0,172.999,100 
LinearMotion, 2250,-250,-220,180,0.0,0.0,0,164.802,100 
LinearMotion, 2250,-300,-220,180,0.0,0.0,0,176.729,100 
LinearMotion, 2250,-350,-215,180,0.0,0.0,0,186.213,100 
LinearMotion, 2250,-400,-205,180,0.0,0.0,0,177.429,100 
LinearMotion, 2250,-450,-190,180,0.0,0.0,0,172.971,100 
LinearMotion, 2250,-500,-180,180,0.0,0.0,0,165.347,100 
LinearMotion, 2250,-550,-190,180,0.0,0.0,0,134.756,100 
LinearMotion, 2200,-550,-200,180,0.0,0.0,0,111.415,100 
LinearMotion, 2200,-500,-190,180,0.0,0.0,0,157.136,100 
LinearMotion, 2200,-450,-200,180,0.0,0.0,0,162.11,100 
LinearMotion, 2200,-400,-215,180,0.0,0.0,0,154.915,100 
LinearMotion, 2200,-350,-225,180,0.0,0.0,0,147.159,100 
LinearMotion, 2200,-300,-225,180,0.0,0.0,0,146.255,100 
LinearMotion, 2200,-250,-225,180,0.0,0.0,0,129.739,100 
LinearMotion, 2200,-200,-225,180,0.0,0.0,0,118.094,100 
LinearMotion, 2200,-150,-235,180,0.0,0.0,0,91.2747,100 
LinearMotion, 2200,-200,-220,180,0.0,0.0,0,119.65,100 
LinearMotion, 2200,-250,-225,180,0.0,0.0,0,105.886,100 
LinearMotion, 2200,-300,-225,180,0.0,0.0,0,128.009,100 
LinearMotion, 2200,-350,-225,180,0.0,0.0,0,129.219,100 
LinearMotion, 2200,-400,-215,180,0.0,0.0,0,139.609,100 
LinearMotion, 2200,-450,-200,180,0.0,0.0,0,149.247,100 
LinearMotion, 2200,-500,-190,180,0.0,0.0,0,142.584,100 
LinearMotion, 2200,-550,-195,180,0.0,0.0,0,110.704,100 
LinearMotion, 2250,-550,-180,180,0.0,0.0,0,171.331,100 
LinearMotion, 2250,-500,-175,180,0.0,0.0,0,182.946,100 
LinearMotion, 2250,-450,-185,180,0.0,0.0,0,193.158,100 
LinearMotion, 2250,-400,-200,180,0.0,0.0,0,199.129,100 
LinearMotion, 2250,-350,-210,180,0.0,0.0,0,200,100 
LinearMotion, 2250,-300,-215,180,0.0,0.0,0,198.192,100 
LinearMotion, 2250,-250,-210,180,0.0,0.0,0,200,100 
LinearMotion, 2250,-200,-210,180,0.0,0.0,0,193.196,100 
LinearMotion, 2250,-150,-220,180,0.0,0.0,0,143.009,100 
LinearMotion, 2300,-150,-225,180,0.0,0.0,0,120.09,100 
LinearMotion, 2300,-200,-215,180,0.0,0.0,0,180.493,100 
LinearMotion, 2300,-250,-215,180,0.0,0.0,0,198.588,100 
LinearMotion, 2300,-300,-210,180,0.0,0.0,0,200,100 
LinearMotion, 2300,-350,-205,180,0.0,0.0,0,200,100 
LinearMotion, 2300,-400,-195,180,0.0,0.0,0,190.296,100 
LinearMotion, 2300,-450,-180,180,0.0,0.0,0,171.218,100 
LinearMotion, 2300,-500,-165,180,0.0,0.0,0,193.096,100 
LinearMotion, 2300,-550,-180,180,0.0,0.0,0,149.219,100 
LinearMotion, 2350,-550,-175,180,0.0,0.0,0,161.806,100 
LinearMotion, 2350,-500,-160,180,0.0,0.0,0,176.44,100 
LinearMotion, 2350,-450,-170,180,0.0,0.0,0,172.285,100 
LinearMotion, 2350,-400,-190,180,0.0,0.0,0,172.246,100 
LinearMotion, 2350,-350,-205,180,0.0,0.0,0,200,100 
LinearMotion, 2350,-300,-210,180,0.0,0.0,0,200,100 
LinearMotion, 2350,-250,-215,180,0.0,0.0,0,200,100 
LinearMotion, 2350,-200,-210,180,0.0,0.0,0,200,100 
LinearMotion, 2350,-150,-230,180,0.0,0.0,0,101.496,100 
LinearMotion, 2400,-150,-230,180,0.0,0.0,0,115.107,100 
LinearMotion, 2400,-200,-215,180,0.0,0.0,0,200,100 
LinearMotion, 2400,-250,-215,180,0.0,0.0,0,200,100 
LinearMotion, 2400,-300,-210,180,0.0,0.0,0,200,100 
LinearMotion, 2400,-350,-200,180,0.0,0.0,0,194.38,100 
LinearMotion, 2400,-400,-175,180,0.0,0.0,0,200,100 
LinearMotion, 2400,-450,-160,180,0.0,0.0,0,169.054,100 
LinearMotion, 2400,-500,-155,180,0.0,0.0,0,165.977,100 
LinearMotion, 2400,-550,-170,180,0.0,0.0,0,179.857,100 
LinearMotion, 2450,-550,-170,180,0.0,0.0,0,173.222,100 
LinearMotion, 2450,-500,-145,180,0.0,0.0,0,192.449,100 
LinearMotion, 2450,-450,-150,180,0.0,0.0,0,163.963,100 
LinearMotion, 2450,-400,-170,180,0.0,0.0,0,167.946,100 
LinearMotion, 2450,-350,-190,180,0.0,0.0,0,200,100 
LinearMotion, 2450,-300,-205,180,0.0,0.0,0,200,100 
LinearMotion, 2450,-250,-220,180,0.0,0.0,0,199.459,100 
LinearMotion, 2450,-200,-215,180,0.0,0.0,0,200,100 
LinearMotion, 2450,-150,-235,180,0.0,0.0,0,101.035,100 
LinearMotion, 2500,-150,-235,180,0.0,0.0,0,116.84,100 
LinearMotion, 2500,-200,-220,180,0.0,0.0,0,200,100 
LinearMotion, 2500,-250,-215,180,0.0,0.0,0,200,100 
LinearMotion, 2500,-300,-200,180,0.0,0.0,0,200,100 
LinearMotion, 2500,-350,-180,180,0.0,0.0,0,200,100 
LinearMotion, 2500,-400,-155,180,0.0,0.0,0,183.192,100 
LinearMotion, 2500,-450,-140,180,0.0,0.0,0,162.5,100 
LinearMotion, 2500,-500,-140,180,0.0,0.0,0,196.063,100 
LinearMotion, 2500,-550,-165,180,0.0,0.0,0,199.416,100 
LinearMotion, 2550,-550,-160,180,0.0,0.0,0,200,100 
LinearMotion, 2550,-500,-135,180,0.0,0.0,0,200,100 
LinearMotion, 2550,-450,-130,180,0.0,0.0,0,168.43,100 
LinearMotion, 2550,-400,-145,180,0.0,0.0,0,164.247,100 
LinearMotion, 2550,-350,-160,180,0.0,0.0,0,200,100 
LinearMotion, 2550,-300,-195,180,0.0,0.0,0,200,100 
LinearMotion, 2550,-250,-215,180,0.0,0.0,0,200,100 
LinearMotion, 2550,-200,-225,180,0.0,0.0,0,192.74,100 
LinearMotion, 2550,-150,-240,180,0.0,0.0,0,102.691,100 
LinearMotion, 2600,-150,-245,180,0.0,0.0,0,86.9341,100 
LinearMotion, 2600,-200,-235,180,0.0,0.0,0,138.536,100 
LinearMotion, 2600,-250,-225,180,0.0,0.0,0,143.465,100 
LinearMotion, 2600,-300,-200,180,0.0,0.0,0,147.966,100 
LinearMotion, 2600,-350,-165,180,0.0,0.0,0,148.465,100 
LinearMotion, 2600,-400,-140,180,0.0,0.0,0,114.593,100 
LinearMotion, 2600,-450,-130,180,0.0,0.0,0,125.281,100 
LinearMotion, 2600,-500,-135,180,0.0,0.0,0,191.807,100 
LinearMotion, 2600,-550,-185,180,0.0,0.0,0,83.0401,100 
LinearMotion, 2600,-500,-135,180,0.0,0.0,0,193.008,100 
LinearMotion, 2600,-450,-130,180,0.0,0.0,0,136.231,100 
LinearMotion, 2600,-400,-140,180,0.0,0.0,0,127.109,100 
LinearMotion, 2600,-350,-160,180,0.0,0.0,0,181.077,100 
LinearMotion, 2600,-300,-200,180,0.0,0.0,0,155.591,100 
LinearMotion, 2600,-250,-220,180,0.0,0.0,0,176.81,100 
LinearMotion, 2600,-200,-230,180,0.0,0.0,0,172.603,100 
LinearMotion, 2600,-150,-240,180,0.0,0.0,0,128.563,100 
LinearMotion, 2550,-150,-235,180,0.0,0.0,0,142.011,100 
LinearMotion, 2550,-200,-215,180,0.0,0.0,0,200,100 
LinearMotion, 2550,-250,-210,180,0.0,0.0,0,200,100 
LinearMotion, 2550,-300,-190,180,0.0,0.0,0,200,100 
LinearMotion, 2550,-350,-155,180,0.0,0.0,0,200,100 
LinearMotion, 2550,-400,-140,180,0.0,0.0,0,194.547,100 
LinearMotion, 2550,-450,-125,180,0.0,0.0,0,198.116,100 
LinearMotion, 2550,-500,-130,180,0.0,0.0,0,200,100 
LinearMotion, 2550,-550,-165,180,0.0,0.0,0,199.12,100 
LinearMotion, 2500,-550,-165,180,0.0,0.0,0,199.502,100 
LinearMotion, 2500,-500,-140,180,0.0,0.0,0,196.64,100 
LinearMotion, 2500,-450,-135,180,0.0,0.0,0,193.055,100 
LinearMotion, 2500,-400,-150,180,0.0,0.0,0,200,100 
LinearMotion, 2500,-350,-165,180,0.0,0.0,0,200,100 
LinearMotion, 2500,-300,-195,180,0.0,0.0,0,200,100 
LinearMotion, 2500,-250,-205,180,0.0,0.0,0,200,100 
LinearMotion, 2500,-200,-215,180,0.0,0.0,0,200,100 
LinearMotion, 2500,-150,-225,180,0.0,0.0,0,179.146,100 
LinearMotion, 2450,-150,-220,180,0.0,0.0,0,190.718,100 
LinearMotion, 2450,-200,-210,180,0.0,0.0,0,200,100 
LinearMotion, 2450,-250,-210,180,0.0,0.0,0,200,100 
LinearMotion, 2450,-300,-200,180,0.0,0.0,0,200,100 
LinearMotion, 2450,-350,-185,180,0.0,0.0,0,200,100 
LinearMotion, 2450,-400,-165,180,0.0,0.0,0,197.703,100 
LinearMotion, 2450,-450,-140,180,0.0,0.0,0,200,100 
LinearMotion, 2450,-500,-140,180,0.0,0.0,0,200,100 
LinearMotion, 2450,-550,-170,180,0.0,0.0,0,177.146,100 
LinearMotion, 2400,-550,-175,180,0.0,0.0,0,157.749,100 
LinearMotion, 2400,-500,-150,180,0.0,0.0,0,196.023,100 
LinearMotion, 2400,-450,-155,180,0.0,0.0,0,198.649,100 
LinearMotion, 2400,-400,-170,180,0.0,0.0,0,200,100 
LinearMotion, 2400,-350,-190,180,0.0,0.0,0,200,100 
LinearMotion, 2400,-300,-205,180,0.0,0.0,0,200,100 
LinearMotion, 2400,-250,-210,180,0.0,0.0,0,200,100 
LinearMotion, 2400,-200,-210,180,0.0,0.0,0,200,100 
LinearMotion, 2400,-150,-220,180,0.0,0.0,0,177.668,100 
LinearMotion, 2350,-150,-220,180,0.0,0.0,0,166.051,100 
LinearMotion, 2350,-200,-205,180,0.0,0.0,0,200,100 
LinearMotion, 2350,-250,-215,180,0.0,0.0,0,200,100 
LinearMotion, 2350,-300,-210,180,0.0,0.0,0,200,100 
LinearMotion, 2350,-350,-195,180,0.0,0.0,0,200,100 
LinearMotion, 2350,-400,-180,180,0.0,0.0,0,200,100 
LinearMotion, 2350,-450,-160,180,0.0,0.0,0,200,100 
LinearMotion, 2350,-500,-155,180,0.0,0.0,0,200,100 
LinearMotion, 2350,-550,-170,180,0.0,0.0,0,192.463,100 
LinearMotion, 2300,-550,-180,180,0.0,0.0,0,156.661,100 
LinearMotion, 2300,-500,-160,180,0.0,0.0,0,200,100 
LinearMotion, 2300,-450,-170,180,0.0,0.0,0,200,100 
LinearMotion, 2300,-400,-190,180,0.0,0.0,0,200,100 
LinearMotion, 2300,-350,-200,180,0.0,0.0,0,200,100 
LinearMotion, 2300,-300,-210,180,0.0,0.0,0,200,100 
LinearMotion, 2300,-250,-210,180,0.0,0.0,0,200,100 
LinearMotion, 2300,-200,-205,180,0.0,0.0,0,200,100 
LinearMotion, 2300,-150,-220,180,0.0,0.0,0,156.86,100 
LinearMotion, 2250,-150,-215,180,0.0,0.0,0,176.421,100 
LinearMotion, 2250,-200,-205,180,0.0,0.0,0,200,100 
LinearMotion, 2250,-250,-210,180,0.0,0.0,0,200,100 
LinearMotion, 2250,-300,-210,180,0.0,0.0,0,200,100 
LinearMotion, 2250,-350,-200,180,0.0,0.0,0,200,100 
LinearMotion, 2250,-400,-195,180,0.0,0.0,0,200,100 
LinearMotion, 2250,-450,-180,180,0.0,0.0,0,200,100 
LinearMotion, 2250,-500,-170,180,0.0,0.0,0,200,100 
LinearMotion, 2250,-550,-180,180,0.0,0.0,0,175.533,100 
LinearMotion, 2200,-550,-190,180,0.0,0.0,0,148.85,100 
LinearMotion, 2200,-500,-180,180,0.0,0.0,0,200,100 
LinearMotion, 2200,-450,-190,180,0.0,0.0,0,200,100 
LinearMotion, 2200,-400,-205,180,0.0,0.0,0,198.579,100 
LinearMotion, 2200,-350,-215,180,0.0,0.0,0,189.712,100 
LinearMotion, 2200,-300,-215,180,0.0,0.0,0,188.678,100 
LinearMotion, 2200,-250,-220,180,0.0,0.0,0,144.738,100 
LinearMotion, 2200,-200,-210,180,0.0,0.0,0,181.545,100 
LinearMotion, 2200,-150,-230,180,0.0,0.0,0,100.765,100 
LinearMotion, 2200,-200,-210,180,0.0,0.0,0,167.455,100 
LinearMotion, 2200,-250,-215,180,0.0,0.0,0,146.739,100 
LinearMotion, 2200,-300,-215,180,0.0,0.0,0,180.034,100 
LinearMotion, 2200,-350,-215,180,0.0,0.0,0,181.857,100 
LinearMotion, 2200,-400,-205,180,0.0,0.0,0,197.494,100 
LinearMotion, 2200,-450,-195,180,0.0,0.0,0,167.806,100 
LinearMotion, 2200,-500,-180,180,0.0,0.0,0,200,100 
LinearMotion, 2200,-550,-185,180,0.0,0.0,0,153.99,100 
LinearMotion, 2250,-550,-175,180,0.0,0.0,0,200,100 
LinearMotion, 2250,-500,-165,180,0.0,0.0,0,200,100 
LinearMotion, 2250,-450,-175,180,0.0,0.0,0,200,100 
LinearMotion, 2250,-400,-190,180,0.0,0.0,0,200,100 
LinearMotion, 2250,-350,-200,180,0.0,0.0,0,200,100 
LinearMotion, 2250,-300,-205,180,0.0,0.0,0,200,100 
LinearMotion, 2250,-250,-205,180,0.0,0.0,0,200,100 
LinearMotion, 2250,-200,-200,180,0.0,0.0,0,200,100 
LinearMotion, 2250,-150,-215,180,0.0,0.0,0,158.418,100 
LinearMotion, 2300,-150,-215,180,0.0,0.0,0,168.116,100 
LinearMotion, 2300,-200,-200,180,0.0,0.0,0,200,100 
LinearMotion, 2300,-250,-205,180,0.0,0.0,0,200,100 
LinearMotion, 2300,-300,-205,180,0.0,0.0,0,200,100 
LinearMotion, 2300,-350,-195,180,0.0,0.0,0,200,100 
LinearMotion, 2300,-400,-185,180,0.0,0.0,0,200,100 
LinearMotion, 2300,-450,-170,180,0.0,0.0,0,200,100 
LinearMotion, 2300,-500,-155,180,0.0,0.0,0,200,100 
LinearMotion, 2300,-550,-170,180,0.0,0.0,0,200,100 
LinearMotion, 2350,-550,-165,180,0.0,0.0,0,200,100 
LinearMotion, 2350,-500,-150,180,0.0,0.0,0,200,100 
LinearMotion, 2350,-450,-155,180,0.0,0.0,0,200,100 
LinearMotion, 2350,-400,-175,180,0.0,0.0,0,200,100 
LinearMotion, 2350,-350,-190,180,0.0,0.0,0,200,100 
LinearMotion, 2350,-300,-200,180,0.0,0.0,0,200,100 
LinearMotion, 2350,-250,-205,180,0.0,0.0,0,200,100 
LinearMotion, 2350,-200,-200,180,0.0,0.0,0,200,100 
LinearMotion, 2350,-150,-220,180,0.0,0.0,0,140.132,100 
LinearMotion, 2400,-150,-220,180,0.0,0.0,0,160.617,100 
LinearMotion, 2400,-200,-205,180,0.0,0.0,0,200,100 
LinearMotion, 2400,-250,-210,180,0.0,0.0,0,200,100 
LinearMotion, 2400,-300,-200,180,0.0,0.0,0,200,100 
LinearMotion, 2400,-350,-185,180,0.0,0.0,0,200,100 
LinearMotion, 2400,-400,-165,180,0.0,0.0,0,200,100 
LinearMotion, 2400,-450,-150,180,0.0,0.0,0,200,100 
LinearMotion, 2400,-500,-145,180,0.0,0.0,0,200,100 
LinearMotion, 2400,-550,-160,180,0.0,0.0,0,200,100 
LinearMotion, 2450,-550,-160,180,0.0,0.0,0,200,100 
LinearMotion, 2450,-500,-140,180,0.0,0.0,0,200,100 
LinearMotion, 2450,-450,-140,180,0.0,0.0,0,200,100 
LinearMotion, 2450,-400,-155,180,0.0,0.0,0,200,100 
LinearMotion, 2450,-350,-185,180,0.0,0.0,0,200,100 
LinearMotion, 2450,-300,-195,180,0.0,0.0,0,200,100 
LinearMotion, 2450,-250,-205,180,0.0,0.0,0,200,100 
LinearMotion, 2450,-200,-205,180,0.0,0.0,0,200,100 
LinearMotion, 2450,-150,-225,180,0.0,0.0,0,139.437,100 
LinearMotion, 2500,-150,-225,180,0.0,0.0,0,163.224,100 
LinearMotion, 2500,-200,-210,180,0.0,0.0,0,200,100 
LinearMotion, 2500,-250,-205,180,0.0,0.0,0,200,100 
LinearMotion, 2500,-300,-190,180,0.0,0.0,0,200,100 
LinearMotion, 2500,-350,-170,180,0.0,0.0,0,200,100 
LinearMotion, 2500,-400,-145,180,0.0,0.0,0,200,100 
LinearMotion, 2500,-450,-130,180,0.0,0.0,0,200,100 
LinearMotion, 2500,-500,-130,180,0.0,0.0,0,200,100 
LinearMotion, 2500,-550,-150,180,0.0,0.0,0,200,100 
LinearMotion, 2550,-550,-150,180,0.0,0.0,0,200,100 
LinearMotion, 2550,-500,-125,180,0.0,0.0,0,200,100 
LinearMotion, 2550,-450,-120,180,0.0,0.0,0,200,100 
LinearMotion, 2550,-400,-135,180,0.0,0.0,0,200,100 
LinearMotion, 2550,-350,-150,180,0.0,0.0,0,200,100 
LinearMotion, 2550,-300,-185,180,0.0,0.0,0,200,100 
LinearMotion, 2550,-250,-205,180,0.0,0.0,0,200,100 
LinearMotion, 2550,-200,-215,180,0.0,0.0,0,200,100 
LinearMotion, 2550,-150,-230,180,0.0,0.0,0,141.93,100 
LinearMotion, 2600,-150,-235,180,0.0,0.0,0,118.215,100 
LinearMotion, 2600,-200,-220,180,0.0,0.0,0,200,100 
LinearMotion, 2600,-250,-215,180,0.0,0.0,0,200,100 
LinearMotion, 2600,-300,-185,180,0.0,0.0,0,200,100 
LinearMotion, 2600,-350,-155,180,0.0,0.0,0,200,100 
LinearMotion, 2600,-400,-135,180,0.0,0.0,0,115.65,100 
LinearMotion, 2600,-450,-125,180,0.0,0.0,0,131.736,100 
LinearMotion, 2600,-500,-125,180,0.0,0.0,0,200,100 
LinearMotion, 2600,-550,-170,180,0.0,0.0,0,156.547,100 
LinearMotion, 2600,-500,-125,180,0.0,0.0,0,200,100 
LinearMotion, 2600,-450,-125,180,0.0,0.0,0,154.821,100 
LinearMotion, 2600,-400,-130,180,0.0,0.0,0,173.423,100 
LinearMotion, 2600,-350,-150,180,0.0,0.0,0,200,100 
LinearMotion, 2600,-300,-185,180,0.0,0.0,0,200,100 
LinearMotion, 2600,-250,-215,180,0.0,0.0,0,200,100 
LinearMotion, 2600,-200,-220,180,0.0,0.0,0,200,100 
LinearMotion, 2600,-150,-230,180,0.0,0.0,0,175.12,100 
LinearMotion, 2550,-150,-225,180,0.0,0.0,0,190.816,100 
LinearMotion, 2550,-200,-210,180,0.0,0.0,0,200,100 
LinearMotion, 2550,-250,-200,180,0.0,0.0,0,200,100 
LinearMotion, 2550,-300,-185,180,0.0,0.0,0,200,100 
LinearMotion, 2550,-350,-145,180,0.0,0.0,0,200,100 
LinearMotion, 2550,-400,-130,180,0.0,0.0,0,200,100 
LinearMotion, 2550,-450,-120,180,0.0,0.0,0,200,100 
LinearMotion, 2550,-500,-120,180,0.0,0.0,0,200,100 
LinearMotion, 2550,-550,-150,180,0.0,0.0,0,200,100 
LinearMotion, 2500,-550,-155,180,0.0,0.0,0,200,100 
LinearMotion, 2500,-500,-125,180,0.0,0.0,0,200,100 
LinearMotion, 2500,-450,-125,180,0.0,0.0,0,200,100 
LinearMotion, 2500,-400,-140,180,0.0,0.0,0,200,100 
LinearMotion, 2500,-350,-160,180,0.0,0.0,0,200,100 
LinearMotion, 2500,-300,-185,180,0.0,0.0,0,200,100 
LinearMotion, 2500,-250,-200,180,0.0,0.0,0,200,100 
LinearMotion, 2500,-200,-205,180,0.0,0.0,0,200,100 
LinearMotion, 2500,-150,-215,180,0.0,0.0,0,200,100 
LinearMotion, 2450,-150,-215,180,0.0,0.0,0,200,100 
LinearMotion, 2450,-200,-200,180,0.0,0.0,0,200,100 
LinearMotion, 2450,-250,-200,180,0.0,0.0,0,200,100 
LinearMotion, 2450,-300,-195,180,0.0,0.0,0,200,100 
LinearMotion, 2450,-350,-175,180,0.0,0.0,0,200,100 
LinearMotion, 2450,-400,-155,180,0.0,0.0,0,200,100 
LinearMotion, 2450,-450,-135,180,0.0,0.0,0,200,100 
LinearMotion, 2450,-500,-135,180,0.0,0.0,0,200,100 
LinearMotion, 2450,-550,-155,180,0.0,0.0,0,200,100 
LinearMotion, 2400,-550,-165,180,0.0,0.0,0,200,100 
LinearMotion, 2400,-500,-140,180,0.0,0.0,0,200,100 
LinearMotion, 2400,-450,-145,180,0.0,0.0,0,200,100 
LinearMotion, 2400,-400,-160,180,0.0,0.0,0,200,100 
LinearMotion, 2400,-350,-180,180,0.0,0.0,0,200,100 
LinearMotion, 2400,-300,-195,180,0.0,0.0,0,200,100 
LinearMotion, 2400,-250,-205,180,0.0,0.0,0,200,100 
LinearMotion, 2400,-200,-200,180,0.0,0.0,0,200,100 
LinearMotion, 2400,-150,-215,180,0.0,0.0,0,200,100 
LinearMotion, 2350,-150,-215,180,0.0,0.0,0,189.626,100 
LinearMotion, 2350,-200,-200,180,0.0,0.0,0,200,100 
LinearMotion, 2350,-250,-205,180,0.0,0.0,0,200,100 
LinearMotion, 2350,-300,-195,180,0.0,0.0,0,200,100 
LinearMotion, 2350,-350,-185,180,0.0,0.0,0,200,100 
LinearMotion, 2350,-400,-170,180,0.0,0.0,0,200,100 
LinearMotion, 2350,-450,-155,180,0.0,0.0,0,200,100 
LinearMotion, 2350,-500,-145,180,0.0,0.0,0,200,100 
LinearMotion, 2350,-550,-165,180,0.0,0.0,0,200,100 
LinearMotion, 2300,-550,-170,180,0.0,0.0,0,200,100 
LinearMotion, 2300,-500,-155,180,0.0,0.0,0,200,100 
LinearMotion, 2300,-450,-165,180,0.0,0.0,0,200,100 
LinearMotion, 2300,-400,-180,180,0.0,0.0,0,200,100 
LinearMotion, 2300,-350,-190,180,0.0,0.0,0,200,100 
LinearMotion, 2300,-300,-200,180,0.0,0.0,0,200,100 
LinearMotion, 2300,-250,-200,180,0.0,0.0,0,200,100 
LinearMotion, 2300,-200,-195,180,0.0,0.0,0,200,100 
LinearMotion, 2300,-150,-205,180,0.0,0.0,0,200,100 
LinearMotion, 2250,-150,-205,180,0.0,0.0,0,200,100 
LinearMotion, 2250,-200,-195,180,0.0,0.0,0,200,100 
LinearMotion, 2250,-250,-200,180,0.0,0.0,0,200,100 
LinearMotion, 2250,-300,-200,180,0.0,0.0,0,200,100 
LinearMotion, 2250,-350,-195,180,0.0,0.0,0,200,100 
LinearMotion, 2250,-400,-185,180,0.0,0.0,0,200,100 
LinearMotion, 2250,-450,-170,180,0.0,0.0,0,200,100 
LinearMotion, 2250,-500,-160,180,0.0,0.0,0,200,100 
LinearMotion, 2250,-550,-170,180,0.0,0.0,0,200,100 
LinearMotion, 2200,-550,-180,180,0.0,0.0,0,198.798,100 
LinearMotion, 2200,-500,-170,180,0.0,0.0,0,200,100 
LinearMotion, 2200,-450,-180,180,0.0,0.0,0,200,100 
LinearMotion, 2200,-400,-195,180,0.0,0.0,0,200,100 
LinearMotion, 2200,-350,-205,180,0.0,0.0,0,200,100 
LinearMotion, 2200,-300,-210,180,0.0,0.0,0,200,100 
LinearMotion, 2200,-250,-210,180,0.0,0.0,0,193.998,100 
LinearMotion, 2200,-200,-205,180,0.0,0.0,0,200,100 
LinearMotion, 2200,-150,-220,180,0.0,0.0,0,142.676,100 
LinearMotion, 2200,-200,-200,180,0.0,0.0,0,200,100 
LinearMotion, 2200,-250,-205,180,0.0,0.0,0,200,100 
LinearMotion, 2200,-300,-210,180,0.0,0.0,0,200,100 
LinearMotion, 2200,-350,-210,180,0.0,0.0,0,200,100 
LinearMotion, 2200,-400,-200,180,0.0,0.0,0,200,100 
LinearMotion, 2200,-450,-185,180,0.0,0.0,0,200,100 
LinearMotion, 2200,-500,-170,180,0.0,0.0,0,200,100 
LinearMotion, 2200,-550,-180,180,0.0,0.0,0,197.57,100 
LinearMotion, 2250,-550,-165,180,0.0,0.0,0,200,100 
LinearMotion, 2250,-500,-155,180,0.0,0.0,0,200,100 
LinearMotion, 2250,-450,-170,180,0.0,0.0,0,200,100 
LinearMotion, 2250,-400,-180,180,0.0,0.0,0,200,100 
LinearMotion, 2250,-350,-185,180,0.0,0.0,0,200,100 
LinearMotion, 2250,-300,-195,180,0.0,0.0,0,200,100 
LinearMotion, 2250,-250,-195,180,0.0,0.0,0,200,100 
LinearMotion, 2250,-200,-190,180,0.0,0.0,0,200,100 
LinearMotion, 2250,-150,-205,180,0.0,0.0,0,200,100 
LinearMotion, 2300,-150,-205,180,0.0,0.0,0,200,100 
LinearMotion, 2300,-200,-190,180,0.0,0.0,0,200,100 
LinearMotion, 2300,-250,-195,180,0.0,0.0,0,200,100 
LinearMotion, 2300,-300,-195,180,0.0,0.0,0,200,100 
LinearMotion, 2300,-350,-185,180,0.0,0.0,0,200,100 
LinearMotion, 2300,-400,-175,180,0.0,0.0,0,200,100 
LinearMotion, 2300,-450,-160,180,0.0,0.0,0,200,100 
LinearMotion, 2300,-500,-150,180,0.0,0.0,0,200,100 
LinearMotion, 2300,-550,-160,180,0.0,0.0,0,200,100 
LinearMotion, 2350,-550,-155,180,0.0,0.0,0,200,100 
LinearMotion, 2350,-500,-140,180,0.0,0.0,0,200,100 
LinearMotion, 2350,-450,-150,180,0.0,0.0,0,200,100 
LinearMotion, 2350,-400,-165,180,0.0,0.0,0,200,100 
LinearMotion, 2350,-350,-180,180,0.0,0.0,0,200,100 
LinearMotion, 2350,-300,-195,180,0.0,0.0,0,200,100 
LinearMotion, 2350,-250,-195,180,0.0,0.0,0,200,100 
LinearMotion, 2350,-200,-195,180,0.0,0.0,0,200,100 
LinearMotion, 2350,-150,-215,180,0.0,0.0,0,179.029,100 
LinearMotion, 2400,-150,-215,180,0.0,0.0,0,200,100 
LinearMotion, 2400,-200,-195,180,0.0,0.0,0,200,100 
LinearMotion, 2400,-250,-200,180,0.0,0.0,0,200,100 
LinearMotion, 2400,-300,-190,180,0.0,0.0,0,200,100 
LinearMotion, 2400,-350,-180,180,0.0,0.0,0,200,100 
LinearMotion, 2400,-400,-155,180,0.0,0.0,0,200,100 
LinearMotion, 2400,-450,-140,180,0.0,0.0,0,200,100 
LinearMotion, 2400,-500,-135,180,0.0,0.0,0,200,100 
LinearMotion, 2400,-550,-155,180,0.0,0.0,0,200,100 
LinearMotion, 2450,-550,-150,180,0.0,0.0,0,200,100 
LinearMotion, 2450,-500,-130,180,0.0,0.0,0,200,100 
LinearMotion, 2450,-450,-135,180,0.0,0.0,0,200,100 
LinearMotion, 2450,-400,-150,180,0.0,0.0,0,200,100 
LinearMotion, 2450,-350,-170,180,0.0,0.0,0,200,100 
LinearMotion, 2450,-300,-190,180,0.0,0.0,0,200,100 
LinearMotion, 2450,-250,-195,180,0.0,0.0,0,200,100 
LinearMotion, 2450,-200,-195,180,0.0,0.0,0,200,100 
LinearMotion, 2450,-150,-215,180,0.0,0.0,0,200,100 
LinearMotion, 2500,-150,-215,180,0.0,0.0,0,200,100 
LinearMotion, 2500,-200,-200,180,0.0,0.0,0,200,100 
LinearMotion, 2500,-250,-195,180,0.0,0.0,0,200,100 
LinearMotion, 2500,-300,-180,180,0.0,0.0,0,200,100 
LinearMotion, 2500,-350,-160,180,0.0,0.0,0,200,100 
LinearMotion, 2500,-400,-135,180,0.0,0.0,0,200,100 
LinearMotion, 2500,-450,-125,180,0.0,0.0,0,200,100 
LinearMotion, 2500,-500,-120,180,0.0,0.0,0,200,100 
LinearMotion, 2500,-550,-140,180,0.0,0.0,0,200,100 
LinearMotion, 2550,-550,-140,180,0.0,0.0,0,200,100 
LinearMotion, 2550,-500,-115,180,0.0,0.0,0,200,100 
LinearMotion, 2550,-450,-115,180,0.0,0.0,0,200,100 
LinearMotion, 2550,-400,-125,180,0.0,0.0,0,200,100 
LinearMotion, 2550,-350,-140,180,0.0,0.0,0,200,100 
LinearMotion, 2550,-300,-180,180,0.0,0.0,0,200,100 
LinearMotion, 2550,-250,-195,180,0.0,0.0,0,200,100 
LinearMotion, 2550,-200,-205,180,0.0,0.0,0,200,100 
LinearMotion, 2550,-150,-220,180,0.0,0.0,0,200,100 
LinearMotion, 2600,-150,-230,180,0.0,0.0,0,149.707,100 
LinearMotion, 2600,-200,-215,180,0.0,0.0,0,200,100 
LinearMotion, 2600,-250,-210,180,0.0,0.0,0,200,100 
LinearMotion, 2600,-300,-180,180,0.0,0.0,0,200,100 
LinearMotion, 2600,-350,-145,180,0.0,0.0,0,200,100 
LinearMotion, 2600,-400,-125,180,0.0,0.0,0,200,100 
LinearMotion, 2600,-450,-115,180,0.0,0.0,0,200,100 
LinearMotion, 2600,-500,-120,180,0.0,0.0,0,200,100 
LinearMotion, 2600,-550,-165,180,0.0,0.0,0,200,100 
LinearMotion, 2600,-675,-320,180,0.0,0.0,0,3,0
